[2026-09-05 09:36:26] To: p.eqfz1788593782@example.test | Subject: Payment Confirmed — You joined Freeze eqfz1788593782 | SMTP Error: SMTP Error: data not accepted.SMTP server error: DATA END command failed Detail: Ratelimit "hostinger_out_ratelimit" exceeded for key "RLf7haupisippcg6m4d8w4jsfj"
 SMTP code: 451 Additional SMTP info: 4.7.1

[2026-09-05 09:36:46] To: p.eqfz1788593804@example.test | Subject: Payment Confirmed — You joined Freeze eqfz1788593804 | SMTP Error: SMTP Error: data not accepted.SMTP server error: DATA END command failed Detail: Ratelimit "hostinger_out_ratelimit" exceeded for key "RLf7haupisippcg6m4d8w4jsfj"
 SMTP code: 451 Additional SMTP info: 4.7.1

[2026-09-05 09:36:49] To: p.eqfz1788593807@example.test | Subject: Payment Confirmed — You joined Freeze eqfz1788593807 | SMTP Error: SMTP Error: data not accepted.SMTP server error: DATA END command failed Detail: Ratelimit "hostinger_out_ratelimit" exceeded for key "RLf7haupisippcg6m4d8w4jsfj"
 SMTP code: 451 Additional SMTP info: 4.7.1

[2026-09-05 09:37:29] To: reusetest_1788593845@example.test | Subject: Verify your Ventures Harbor account | SMTP Error: SMTP Error: data not accepted.SMTP server error: DATA END command failed Detail: Ratelimit "hostinger_out_ratelimit" exceeded for key "RLf7haupisippcg6m4d8w4jsfj"
 SMTP code: 451 Additional SMTP info: 4.7.1

[2026-09-05 09:37:35] To: reusetest_1788593845@example.test | Subject: Verify your Ventures Harbor account | SMTP Error: SMTP Error: data not accepted.SMTP server error: DATA END command failed Detail: Ratelimit "hostinger_out_ratelimit" exceeded for key "RLf7haupisippcg6m4d8w4jsfj"
 SMTP code: 451 Additional SMTP info: 4.7.1

[2026-09-05 09:37:40] To: eqfreeze1788593858.partner@test.invalid | Subject: Payment Confirmed — You joined ZZ eqfreeze1788593858 | SMTP Error: SMTP Error: data not accepted.SMTP server error: DATA END command failed Detail: Ratelimit "hostinger_out_ratelimit" exceeded for key "RLf7haupisippcg6m4d8w4jsfj"
 SMTP code: 451 Additional SMTP info: 4.7.1

[2026-09-05 09:37:41] To: eqfreeze1788593858.later@test.invalid | Subject: Payment Confirmed — You joined ZZ eqfreeze1788593858 | SMTP Error: SMTP Error: data not accepted.SMTP server error: DATA END command failed Detail: Ratelimit "hostinger_out_ratelimit" exceeded for key "RLf7haupisippcg6m4d8w4jsfj"
 SMTP code: 451 Additional SMTP info: 4.7.1

[2026-09-05 09:37:44] To: p.eqfz1788593862@example.test | Subject: Payment Confirmed — You joined Freeze eqfz1788593862 | SMTP Error: SMTP Error: data not accepted.SMTP server error: DATA END command failed Detail: Ratelimit "hostinger_out_ratelimit" exceeded for key "RLf7haupisippcg6m4d8w4jsfj"
 SMTP code: 451 Additional SMTP info: 4.7.1

[2026-09-05 09:37:49] To: gwguard_1788593867@example.test | Subject: Payment Confirmed — You joined GATEWAY GUARD TEST | SMTP Error: SMTP Error: data not accepted.SMTP server error: DATA END command failed Detail: Ratelimit "hostinger_out_ratelimit" exceeded for key "RLf7haupisippcg6m4d8w4jsfj"
 SMTP code: 451 Additional SMTP info: 4.7.1

[2026-09-05 09:37:51] To: gwguard_1788593867@example.test | Subject: Payment Confirmed — You joined GATEWAY GUARD TEST | SMTP Error: SMTP Error: data not accepted.SMTP server error: DATA END command failed Detail: Ratelimit "hostinger_out_ratelimit" exceeded for key "RLf7haupisippcg6m4d8w4jsfj"
 SMTP code: 451 Additional SMTP info: 4.7.1

[2026-09-05 09:38:05] To: wl.alice.6a9bc6db3cb99@wl.invalid | Subject: A seat has opened on WL Test Asset | SMTP Error: SMTP Error: data not accepted.SMTP server error: DATA END command failed Detail: Ratelimit "hostinger_out_ratelimit" exceeded for key "RLf7haupisippcg6m4d8w4jsfj"
 SMTP code: 451 Additional SMTP info: 4.7.1

[2026-09-05 09:38:06] To: wl.bob.6a9bc6db3cec5@wl.invalid | Subject: A seat has opened on WL Test Asset | SMTP Error: SMTP Error: data not accepted.SMTP server error: DATA END command failed Detail: Ratelimit "hostinger_out_ratelimit" exceeded for key "RLf7haupisippcg6m4d8w4jsfj"
 SMTP code: 451 Additional SMTP info: 4.7.1

[2026-09-05 09:38:08] To: wl.bob.6a9bc6db3cec5@wl.invalid | Subject: Payment Confirmed — You joined WL Test Asset | SMTP Error: SMTP Error: data not accepted.SMTP server error: DATA END command failed Detail: Ratelimit "hostinger_out_ratelimit" exceeded for key "RLf7haupisippcg6m4d8w4jsfj"
 SMTP code: 451 Additional SMTP info: 4.7.1

[2026-09-05 09:38:11] To: a.wlhttp1788593888@example.test | Subject: A seat has opened on WLH Test Asset | SMTP Error: SMTP Error: data not accepted.SMTP server error: DATA END command failed Detail: Ratelimit "hostinger_out_ratelimit" exceeded for key "RLf7haupisippcg6m4d8w4jsfj"
 SMTP code: 451 Additional SMTP info: 4.7.1

[2026-09-05 09:38:13] To: b.wlhttp1788593888@example.test | Subject: A seat has opened on WLH Test Asset | SMTP Error: SMTP Error: data not accepted.SMTP server error: DATA END command failed Detail: Ratelimit "hostinger_out_ratelimit" exceeded for key "RLf7haupisippcg6m4d8w4jsfj"
 SMTP code: 451 Additional SMTP info: 4.7.1

[2026-09-05 09:38:15] To: a.wlhttp1788593888@example.test | Subject: Payment Confirmed — You joined WLH Test Asset | SMTP Error: SMTP Error: data not accepted.SMTP server error: DATA END command failed Detail: Ratelimit "hostinger_out_ratelimit" exceeded for key "RLf7haupisippcg6m4d8w4jsfj"
 SMTP code: 451 Additional SMTP info: 4.7.1

[2026-09-05 10:31:19] To: reusetest_1788597073@example.test | Subject: Verify your Ventures Harbor account | SMTP Error: SMTP Error: data not accepted.SMTP server error: DATA END command failed Detail: Ratelimit "hostinger_out_ratelimit" exceeded for key "RLf7haupisippcg6m4d8w4jsfj"
 SMTP code: 451 Additional SMTP info: 4.7.1

[2026-09-05 10:31:24] To: eqfreeze1788597082.partner@test.invalid | Subject: Payment Confirmed — You joined ZZ eqfreeze1788597082 | SMTP Error: SMTP Error: data not accepted.SMTP server error: DATA END command failed Detail: Ratelimit "hostinger_out_ratelimit" exceeded for key "RLf7haupisippcg6m4d8w4jsfj"
 SMTP code: 451 Additional SMTP info: 4.7.1

[2026-09-05 10:31:26] To: eqfreeze1788597082.later@test.invalid | Subject: Payment Confirmed — You joined ZZ eqfreeze1788597082 | SMTP Error: SMTP Error: data not accepted.SMTP server error: DATA END command failed Detail: Ratelimit "hostinger_out_ratelimit" exceeded for key "RLf7haupisippcg6m4d8w4jsfj"
 SMTP code: 451 Additional SMTP info: 4.7.1

[2026-09-05 10:31:28] To: p.eqfz1788597086@example.test | Subject: Payment Confirmed — You joined Freeze eqfz1788597086 | SMTP Error: SMTP Error: data not accepted.SMTP server error: DATA END command failed Detail: Ratelimit "hostinger_out_ratelimit" exceeded for key "RLf7haupisippcg6m4d8w4jsfj"
 SMTP code: 451 Additional SMTP info: 4.7.1

[2026-09-05 10:31:33] To: gwguard_1788597091@example.test | Subject: Payment Confirmed — You joined GATEWAY GUARD TEST | SMTP Error: SMTP Error: data not accepted.SMTP server error: DATA END command failed Detail: Ratelimit "hostinger_out_ratelimit" exceeded for key "RLf7haupisippcg6m4d8w4jsfj"
 SMTP code: 451 Additional SMTP info: 4.7.1

[2026-09-05 10:31:35] To: gwguard_1788597091@example.test | Subject: Payment Confirmed — You joined GATEWAY GUARD TEST | SMTP Error: SMTP Error: data not accepted.SMTP server error: DATA END command failed Detail: Ratelimit "hostinger_out_ratelimit" exceeded for key "RLf7haupisippcg6m4d8w4jsfj"
 SMTP code: 451 Additional SMTP info: 4.7.1

[2026-09-05 10:31:48] To: wl.alice.6a9bd3723ff75@wl.invalid | Subject: A seat has opened on WL Test Asset | SMTP Error: SMTP Error: data not accepted.SMTP server error: DATA END command failed Detail: Ratelimit "hostinger_out_ratelimit" exceeded for key "RLf7haupisippcg6m4d8w4jsfj"
 SMTP code: 451 Additional SMTP info: 4.7.1

[2026-09-05 10:31:49] To: wl.bob.6a9bd372400f6@wl.invalid | Subject: A seat has opened on WL Test Asset | SMTP Error: SMTP Error: data not accepted.SMTP server error: DATA END command failed Detail: Ratelimit "hostinger_out_ratelimit" exceeded for key "RLf7haupisippcg6m4d8w4jsfj"
 SMTP code: 451 Additional SMTP info: 4.7.1

[2026-09-05 10:31:51] To: wl.bob.6a9bd372400f6@wl.invalid | Subject: Payment Confirmed — You joined WL Test Asset | SMTP Error: SMTP Error: data not accepted.SMTP server error: DATA END command failed Detail: Ratelimit "hostinger_out_ratelimit" exceeded for key "RLf7haupisippcg6m4d8w4jsfj"
 SMTP code: 451 Additional SMTP info: 4.7.1

[2026-09-05 10:31:54] To: a.wlhttp1788597112@example.test | Subject: A seat has opened on WLH Test Asset | SMTP Error: SMTP Error: data not accepted.SMTP server error: DATA END command failed Detail: Ratelimit "hostinger_out_ratelimit" exceeded for key "RLf7haupisippcg6m4d8w4jsfj"
 SMTP code: 451 Additional SMTP info: 4.7.1

[2026-09-05 10:31:56] To: b.wlhttp1788597112@example.test | Subject: A seat has opened on WLH Test Asset | SMTP Error: SMTP Error: data not accepted.SMTP server error: DATA END command failed Detail: Ratelimit "hostinger_out_ratelimit" exceeded for key "RLf7haupisippcg6m4d8w4jsfj"
 SMTP code: 451 Additional SMTP info: 4.7.1

[2026-09-05 10:31:58] To: a.wlhttp1788597112@example.test | Subject: Payment Confirmed — You joined WLH Test Asset | SMTP Error: SMTP Error: data not accepted.SMTP server error: DATA END command failed Detail: Ratelimit "hostinger_out_ratelimit" exceeded for key "RLf7haupisippcg6m4d8w4jsfj"
 SMTP code: 451 Additional SMTP info: 4.7.1

[2026-09-05 11:23:39] To: reusetest_1788600209@example.test | Subject: Verify your Ventures Harbor account | SMTP Error: SMTP Error: data not accepted.SMTP server error: DATA END command failed Detail: Ratelimit "hostinger_out_ratelimit" exceeded for key "RLf7haupisippcg6m4d8w4jsfj"
 SMTP code: 451 Additional SMTP info: 4.7.1

[2026-09-05 11:23:41] To: reusetest_1788600209@example.test | Subject: Verify your Ventures Harbor account | SMTP Error: SMTP Error: data not accepted.SMTP server error: DATA END command failed Detail: Ratelimit "hostinger_out_ratelimit" exceeded for key "RLf7haupisippcg6m4d8w4jsfj"
 SMTP code: 451 Additional SMTP info: 4.7.1

[2026-09-05 11:23:43] To: reusetest_1788600209@example.test | Subject: Verify your Ventures Harbor account | SMTP Error: SMTP Error: data not accepted.SMTP server error: DATA END command failed Detail: Ratelimit "hostinger_out_ratelimit" exceeded for key "RLf7haupisippcg6m4d8w4jsfj"
 SMTP code: 451 Additional SMTP info: 4.7.1

[2026-09-05 11:23:49] To: eqfreeze1788600227.partner@test.invalid | Subject: Payment Confirmed — You joined ZZ eqfreeze1788600227 | SMTP Error: SMTP Error: data not accepted.SMTP server error: DATA END command failed Detail: Ratelimit "hostinger_out_ratelimit" exceeded for key "RLf7haupisippcg6m4d8w4jsfj"
 SMTP code: 451 Additional SMTP info: 4.7.1

[2026-09-05 11:23:51] To: eqfreeze1788600227.later@test.invalid | Subject: Payment Confirmed — You joined ZZ eqfreeze1788600227 | SMTP Error: SMTP Error: data not accepted.SMTP server error: DATA END command failed Detail: Ratelimit "hostinger_out_ratelimit" exceeded for key "RLf7haupisippcg6m4d8w4jsfj"
 SMTP code: 451 Additional SMTP info: 4.7.1

[2026-09-05 11:23:53] To: p.eqfz1788600231@example.test | Subject: Payment Confirmed — You joined Freeze eqfz1788600231 | SMTP Error: SMTP Error: data not accepted.SMTP server error: DATA END command failed Detail: Ratelimit "hostinger_out_ratelimit" exceeded for key "RLf7haupisippcg6m4d8w4jsfj"
 SMTP code: 451 Additional SMTP info: 4.7.1

[2026-09-05 11:24:00] To: gwguard_1788600237@example.test | Subject: Payment Confirmed — You joined GATEWAY GUARD TEST | SMTP Error: SMTP Error: data not accepted.SMTP server error: DATA END command failed Detail: Ratelimit "hostinger_out_ratelimit" exceeded for key "RLf7haupisippcg6m4d8w4jsfj"
 SMTP code: 451 Additional SMTP info: 4.7.1

[2026-09-05 11:24:02] To: gwguard_1788600237@example.test | Subject: Payment Confirmed — You joined GATEWAY GUARD TEST | SMTP Error: SMTP Error: data not accepted.SMTP server error: DATA END command failed Detail: Ratelimit "hostinger_out_ratelimit" exceeded for key "RLf7haupisippcg6m4d8w4jsfj"
 SMTP code: 451 Additional SMTP info: 4.7.1

[2026-09-05 11:24:16] To: wl.alice.6a9bdfbf34115@wl.invalid | Subject: A seat has opened on WL Test Asset | SMTP Error: SMTP Error: data not accepted.SMTP server error: DATA END command failed Detail: Ratelimit "hostinger_out_ratelimit" exceeded for key "RLf7haupisippcg6m4d8w4jsfj"
 SMTP code: 451 Additional SMTP info: 4.7.1

[2026-09-05 11:24:18] To: wl.bob.6a9bdfbf34353@wl.invalid | Subject: A seat has opened on WL Test Asset | SMTP Error: SMTP Error: data not accepted.SMTP server error: DATA END command failed Detail: Ratelimit "hostinger_out_ratelimit" exceeded for key "RLf7haupisippcg6m4d8w4jsfj"
 SMTP code: 451 Additional SMTP info: 4.7.1

[2026-09-05 11:24:20] To: wl.bob.6a9bdfbf34353@wl.invalid | Subject: Payment Confirmed — You joined WL Test Asset | SMTP Error: SMTP Error: data not accepted.SMTP server error: DATA END command failed Detail: Ratelimit "hostinger_out_ratelimit" exceeded for key "RLf7haupisippcg6m4d8w4jsfj"
 SMTP code: 451 Additional SMTP info: 4.7.1

[2026-09-05 11:24:23] To: a.wlhttp1788600261@example.test | Subject: A seat has opened on WLH Test Asset | SMTP Error: SMTP Error: data not accepted.SMTP server error: DATA END command failed Detail: Ratelimit "hostinger_out_ratelimit" exceeded for key "RLf7haupisippcg6m4d8w4jsfj"
 SMTP code: 451 Additional SMTP info: 4.7.1

[2026-09-05 11:24:25] To: b.wlhttp1788600261@example.test | Subject: A seat has opened on WLH Test Asset | SMTP Error: SMTP Error: data not accepted.SMTP server error: DATA END command failed Detail: Ratelimit "hostinger_out_ratelimit" exceeded for key "RLf7haupisippcg6m4d8w4jsfj"
 SMTP code: 451 Additional SMTP info: 4.7.1

[2026-09-05 11:24:27] To: a.wlhttp1788600261@example.test | Subject: Payment Confirmed — You joined WLH Test Asset | SMTP Error: SMTP Error: data not accepted.SMTP server error: DATA END command failed Detail: Ratelimit "hostinger_out_ratelimit" exceeded for key "RLf7haupisippcg6m4d8w4jsfj"
 SMTP code: 451 Additional SMTP info: 4.7.1

[2026-09-06 16:58:45] To: a.wlhttp1788706722@example.test | Subject: A silent partner seat has opened on WLH Test Asset | SMTP Error: SMTP Error: data not accepted.SMTP server error: DATA END command failed Detail: Ratelimit "hostinger_out_ratelimit" exceeded for key "RLf7haupisippcg6m4d8w4jsfj"
 SMTP code: 451 Additional SMTP info: 4.7.1

[2026-09-06 16:58:47] To: b.wlhttp1788706722@example.test | Subject: A silent partner seat has opened on WLH Test Asset | SMTP Error: SMTP Error: data not accepted.SMTP server error: DATA END command failed Detail: Ratelimit "hostinger_out_ratelimit" exceeded for key "RLf7haupisippcg6m4d8w4jsfj"
 SMTP code: 451 Additional SMTP info: 4.7.1

[2026-09-06 16:58:49] To: a.wlhttp1788706722@example.test | Subject: Payment Confirmed — You joined WLH Test Asset | SMTP Error: SMTP Error: data not accepted.SMTP server error: DATA END command failed Detail: Ratelimit "hostinger_out_ratelimit" exceeded for key "RLf7haupisippcg6m4d8w4jsfj"
 SMTP code: 451 Additional SMTP info: 4.7.1

[2026-09-06 17:02:09] To: reusetest_1788706928@example.test | Subject: Verify your Ventures Harbor account | SMTP Error: SMTP Error: data not accepted.SMTP server error: DATA END command failed Detail: Ratelimit "hostinger_out_ratelimit" exceeded for key "RLf7haupisippcg6m4d8w4jsfj"
 SMTP code: 451 Additional SMTP info: 4.7.1

[2026-09-06 17:02:12] To: reusetest_1788706928@example.test | Subject: Verify your Ventures Harbor account | SMTP Error: SMTP Error: data not accepted.SMTP server error: DATA END command failed Detail: Ratelimit "hostinger_out_ratelimit" exceeded for key "RLf7haupisippcg6m4d8w4jsfj"
 SMTP code: 451 Additional SMTP info: 4.7.1

[2026-09-06 17:02:14] To: reusetest_1788706928@example.test | Subject: Verify your Ventures Harbor account | SMTP Error: SMTP Error: data not accepted.SMTP server error: DATA END command failed Detail: Ratelimit "hostinger_out_ratelimit" exceeded for key "RLf7haupisippcg6m4d8w4jsfj"
 SMTP code: 451 Additional SMTP info: 4.7.1

[2026-09-06 17:02:17] To: anna.ash1788706935@example.test | Subject: An active partner seat has opened on ASH Seat ash1788706935 | SMTP Error: SMTP Error: data not accepted.SMTP server error: DATA END command failed Detail: Ratelimit "hostinger_out_ratelimit" exceeded for key "RLf7haupisippcg6m4d8w4jsfj"
 SMTP code: 451 Additional SMTP info: 4.7.1

[2026-09-06 17:02:19] To: ben.ash1788706935@example.test | Subject: An active partner seat has opened on ASH Seat ash1788706935 | SMTP Error: SMTP Error: data not accepted.SMTP server error: DATA END command failed Detail: Ratelimit "hostinger_out_ratelimit" exceeded for key "RLf7haupisippcg6m4d8w4jsfj"
 SMTP code: 451 Additional SMTP info: 4.7.1

[2026-09-06 17:02:22] To: anna.ash1788706935@example.test | Subject: A silent partner seat has opened on ASH Seat ash1788706935 | SMTP Error: SMTP Error: data not accepted.SMTP server error: DATA END command failed Detail: Ratelimit "hostinger_out_ratelimit" exceeded for key "RLf7haupisippcg6m4d8w4jsfj"
 SMTP code: 451 Additional SMTP info: 4.7.1

[2026-09-06 17:02:24] To: ben.ash1788706935@example.test | Subject: A silent partner seat has opened on ASH Seat ash1788706935 | SMTP Error: SMTP Error: data not accepted.SMTP server error: DATA END command failed Detail: Ratelimit "hostinger_out_ratelimit" exceeded for key "RLf7haupisippcg6m4d8w4jsfj"
 SMTP code: 451 Additional SMTP info: 4.7.1

[2026-09-06 17:02:25] To: anna.ass1788706944@example.test | Subject: A silent partner seat has opened on ASS Seat Selection ass1788706944 | SMTP Error: SMTP Error: data not accepted.SMTP server error: DATA END command failed Detail: Ratelimit "hostinger_out_ratelimit" exceeded for key "RLf7haupisippcg6m4d8w4jsfj"
 SMTP code: 451 Additional SMTP info: 4.7.1

[2026-09-06 17:02:27] To: ben.ass1788706944@example.test | Subject: A silent partner seat has opened on ASS Seat Selection ass1788706944 | SMTP Error: SMTP Error: data not accepted.SMTP server error: DATA END command failed Detail: Ratelimit "hostinger_out_ratelimit" exceeded for key "RLf7haupisippcg6m4d8w4jsfj"
 SMTP code: 451 Additional SMTP info: 4.7.1

[2026-09-06 17:02:29] To: clara.ass1788706944@example.test | Subject: A silent partner seat has opened on ASS Seat Selection ass1788706944 | SMTP Error: SMTP Error: data not accepted.SMTP server error: DATA END command failed Detail: Ratelimit "hostinger_out_ratelimit" exceeded for key "RLf7haupisippcg6m4d8w4jsfj"
 SMTP code: 451 Additional SMTP info: 4.7.1

[2026-09-06 17:02:31] To: anna.ass1788706944@example.test | Subject: An active partner seat has opened on ASS Seat Selection ass1788706944 | SMTP Error: SMTP Error: data not accepted.SMTP server error: DATA END command failed Detail: Ratelimit "hostinger_out_ratelimit" exceeded for key "RLf7haupisippcg6m4d8w4jsfj"
 SMTP code: 451 Additional SMTP info: 4.7.1

[2026-09-06 17:02:33] To: ben.ass1788706944@example.test | Subject: An active partner seat has opened on ASS Seat Selection ass1788706944 | SMTP Error: SMTP Error: data not accepted.SMTP server error: DATA END command failed Detail: Ratelimit "hostinger_out_ratelimit" exceeded for key "RLf7haupisippcg6m4d8w4jsfj"
 SMTP code: 451 Additional SMTP info: 4.7.1

[2026-09-06 17:02:35] To: clara.ass1788706944@example.test | Subject: An active partner seat has opened on ASS Seat Selection ass1788706944 | SMTP Error: SMTP Error: data not accepted.SMTP server error: DATA END command failed Detail: Ratelimit "hostinger_out_ratelimit" exceeded for key "RLf7haupisippcg6m4d8w4jsfj"
 SMTP code: 451 Additional SMTP info: 4.7.1

[2026-09-06 17:02:37] To: anna.ass1788706944@example.test | Subject: An active partner seat has opened on ASS Seat Selection ass1788706944 | SMTP Error: SMTP Error: data not accepted.SMTP server error: DATA END command failed Detail: Ratelimit "hostinger_out_ratelimit" exceeded for key "RLf7haupisippcg6m4d8w4jsfj"
 SMTP code: 451 Additional SMTP info: 4.7.1

[2026-09-06 17:02:39] To: ben.ass1788706944@example.test | Subject: An active partner seat has opened on ASS Seat Selection ass1788706944 | SMTP Error: SMTP Error: data not accepted.SMTP server error: DATA END command failed Detail: Ratelimit "hostinger_out_ratelimit" exceeded for key "RLf7haupisippcg6m4d8w4jsfj"
 SMTP code: 451 Additional SMTP info: 4.7.1

[2026-09-06 17:02:41] To: clara.ass1788706944@example.test | Subject: An active partner seat has opened on ASS Seat Selection ass1788706944 | SMTP Error: SMTP Error: data not accepted.SMTP server error: DATA END command failed Detail: Ratelimit "hostinger_out_ratelimit" exceeded for key "RLf7haupisippcg6m4d8w4jsfj"
 SMTP code: 451 Additional SMTP info: 4.7.1

[2026-09-06 17:02:43] To: anna.ass1788706944@example.test | Subject: An active partner seat has opened on ASS Seat Selection ass1788706944 | SMTP Error: SMTP Error: data not accepted.SMTP server error: DATA END command failed Detail: Ratelimit "hostinger_out_ratelimit" exceeded for key "RLf7haupisippcg6m4d8w4jsfj"
 SMTP code: 451 Additional SMTP info: 4.7.1

[2026-09-06 17:02:45] To: ben.ass1788706944@example.test | Subject: An active partner seat has opened on ASS Seat Selection ass1788706944 | SMTP Error: SMTP Error: data not accepted.SMTP server error: DATA END command failed Detail: Ratelimit "hostinger_out_ratelimit" exceeded for key "RLf7haupisippcg6m4d8w4jsfj"
 SMTP code: 451 Additional SMTP info: 4.7.1

[2026-09-06 17:02:48] To: clara.ass1788706944@example.test | Subject: An active partner seat has opened on ASS Seat Selection ass1788706944 | SMTP Error: SMTP Error: data not accepted.SMTP server error: DATA END command failed Detail: Ratelimit "hostinger_out_ratelimit" exceeded for key "RLf7haupisippcg6m4d8w4jsfj"
 SMTP code: 451 Additional SMTP info: 4.7.1

[2026-09-06 17:02:50] To: anna.ass1788706944@example.test | Subject: A silent partner seat has opened on ASS Seat Selection ass1788706944 | SMTP Error: SMTP Error: data not accepted.SMTP server error: DATA END command failed Detail: Ratelimit "hostinger_out_ratelimit" exceeded for key "RLf7haupisippcg6m4d8w4jsfj"
 SMTP code: 451 Additional SMTP info: 4.7.1

[2026-09-06 17:02:52] To: ben.ass1788706944@example.test | Subject: A silent partner seat has opened on ASS Seat Selection ass1788706944 | SMTP Error: SMTP Error: data not accepted.SMTP server error: DATA END command failed Detail: Ratelimit "hostinger_out_ratelimit" exceeded for key "RLf7haupisippcg6m4d8w4jsfj"
 SMTP code: 451 Additional SMTP info: 4.7.1

[2026-09-06 17:02:54] To: clara.ass1788706944@example.test | Subject: A silent partner seat has opened on ASS Seat Selection ass1788706944 | SMTP Error: SMTP Error: data not accepted.SMTP server error: DATA END command failed Detail: Ratelimit "hostinger_out_ratelimit" exceeded for key "RLf7haupisippcg6m4d8w4jsfj"
 SMTP code: 451 Additional SMTP info: 4.7.1

[2026-09-06 17:03:00] To: eqfreeze1788706978.partner@test.invalid | Subject: Payment Confirmed — You joined ZZ eqfreeze1788706978 | SMTP Error: SMTP Error: data not accepted.SMTP server error: DATA END command failed Detail: Ratelimit "hostinger_out_ratelimit" exceeded for key "RLf7haupisippcg6m4d8w4jsfj"
 SMTP code: 451 Additional SMTP info: 4.7.1

[2026-09-06 17:03:02] To: eqfreeze1788706978.later@test.invalid | Subject: Payment Confirmed — You joined ZZ eqfreeze1788706978 | SMTP Error: SMTP Error: data not accepted.SMTP server error: DATA END command failed Detail: Ratelimit "hostinger_out_ratelimit" exceeded for key "RLf7haupisippcg6m4d8w4jsfj"
 SMTP code: 451 Additional SMTP info: 4.7.1

[2026-09-06 17:03:04] To: p.eqfz1788706982@example.test | Subject: Payment Confirmed — You joined Freeze eqfz1788706982 | SMTP Error: SMTP Error: data not accepted.SMTP server error: DATA END command failed Detail: Ratelimit "hostinger_out_ratelimit" exceeded for key "RLf7haupisippcg6m4d8w4jsfj"
 SMTP code: 451 Additional SMTP info: 4.7.1

[2026-09-06 17:03:11] To: gwguard_1788706988@example.test | Subject: Payment Confirmed — You joined GATEWAY GUARD TEST | SMTP Error: SMTP Error: data not accepted.SMTP server error: DATA END command failed Detail: Ratelimit "hostinger_out_ratelimit" exceeded for key "RLf7haupisippcg6m4d8w4jsfj"
 SMTP code: 451 Additional SMTP info: 4.7.1

[2026-09-06 17:03:13] To: gwguard_1788706988@example.test | Subject: Payment Confirmed — You joined GATEWAY GUARD TEST | SMTP Error: SMTP Error: data not accepted.SMTP server error: DATA END command failed Detail: Ratelimit "hostinger_out_ratelimit" exceeded for key "RLf7haupisippcg6m4d8w4jsfj"
 SMTP code: 451 Additional SMTP info: 4.7.1

[2026-09-06 17:03:29] To: waiter.srd1788707005@example.test | Subject: An active partner seat has opened on SRD Role Disclosure srd1788707005 | SMTP Error: SMTP Error: data not accepted.SMTP server error: DATA END command failed Detail: Ratelimit "hostinger_out_ratelimit" exceeded for key "RLf7haupisippcg6m4d8w4jsfj"
 SMTP code: 451 Additional SMTP info: 4.7.1

[2026-09-06 17:03:31] To: waiter.srd1788707005@example.test | Subject: A silent partner seat has opened on SRD Role Disclosure srd1788707005 | SMTP Error: SMTP Error: data not accepted.SMTP server error: DATA END command failed Detail: Ratelimit "hostinger_out_ratelimit" exceeded for key "RLf7haupisippcg6m4d8w4jsfj"
 SMTP code: 451 Additional SMTP info: 4.7.1

[2026-09-06 17:03:32] To: waiter.srd1788707005@example.test | Subject: An active partner seat has opened on SRD Role Disclosure srd1788707005 | SMTP Error: SMTP Error: data not accepted.SMTP server error: DATA END command failed Detail: Ratelimit "hostinger_out_ratelimit" exceeded for key "RLf7haupisippcg6m4d8w4jsfj"
 SMTP code: 451 Additional SMTP info: 4.7.1

[2026-09-06 17:03:34] To: wl.alice.6a9d80c5035da@wl.invalid | Subject: A silent partner seat has opened on WL Test Asset | SMTP Error: SMTP Error: data not accepted.SMTP server error: DATA END command failed Detail: Ratelimit "hostinger_out_ratelimit" exceeded for key "RLf7haupisippcg6m4d8w4jsfj"
 SMTP code: 451 Additional SMTP info: 4.7.1

[2026-09-06 17:03:36] To: wl.bob.6a9d80c503971@wl.invalid | Subject: A silent partner seat has opened on WL Test Asset | SMTP Error: SMTP Error: data not accepted.SMTP server error: DATA END command failed Detail: Ratelimit "hostinger_out_ratelimit" exceeded for key "RLf7haupisippcg6m4d8w4jsfj"
 SMTP code: 451 Additional SMTP info: 4.7.1

[2026-09-06 17:03:38] To: wl.bob.6a9d80c503971@wl.invalid | Subject: Payment Confirmed — You joined WL Test Asset | SMTP Error: SMTP Error: data not accepted.SMTP server error: DATA END command failed Detail: Ratelimit "hostinger_out_ratelimit" exceeded for key "RLf7haupisippcg6m4d8w4jsfj"
 SMTP code: 451 Additional SMTP info: 4.7.1

[2026-09-06 17:03:41] To: a.wlhttp1788707018@example.test | Subject: A silent partner seat has opened on WLH Test Asset | SMTP Error: SMTP Error: data not accepted.SMTP server error: DATA END command failed Detail: Ratelimit "hostinger_out_ratelimit" exceeded for key "RLf7haupisippcg6m4d8w4jsfj"
 SMTP code: 451 Additional SMTP info: 4.7.1

[2026-09-06 17:03:43] To: b.wlhttp1788707018@example.test | Subject: A silent partner seat has opened on WLH Test Asset | SMTP Error: SMTP Error: data not accepted.SMTP server error: DATA END command failed Detail: Ratelimit "hostinger_out_ratelimit" exceeded for key "RLf7haupisippcg6m4d8w4jsfj"
 SMTP code: 451 Additional SMTP info: 4.7.1

[2026-09-06 17:03:45] To: a.wlhttp1788707018@example.test | Subject: Payment Confirmed — You joined WLH Test Asset | SMTP Error: SMTP Error: data not accepted.SMTP server error: DATA END command failed Detail: Ratelimit "hostinger_out_ratelimit" exceeded for key "RLf7haupisippcg6m4d8w4jsfj"
 SMTP code: 451 Additional SMTP info: 4.7.1

[2026-09-06 20:08:57] To: clara.ass1788718125@example.test | Subject: An active partner seat has opened on ASS Seat Selection ass1788718125 | SMTP Error: SMTP Error: data not accepted.SMTP server error: DATA END command failed Detail: Ratelimit "hostinger_out_ratelimit" exceeded for key "RLf7haupisippcg6m4d8w4jsfj"
 SMTP code: 451 Additional SMTP info: 4.7.1

[2026-09-06 20:08:59] To: anna.ass1788718125@example.test | Subject: An active partner seat has opened on ASS Seat Selection ass1788718125 | SMTP Error: SMTP Error: data not accepted.SMTP server error: DATA END command failed Detail: Ratelimit "hostinger_out_ratelimit" exceeded for key "RLf7haupisippcg6m4d8w4jsfj"
 SMTP code: 451 Additional SMTP info: 4.7.1

[2026-09-06 20:09:01] To: ben.ass1788718125@example.test | Subject: An active partner seat has opened on ASS Seat Selection ass1788718125 | SMTP Error: SMTP Error: data not accepted.SMTP server error: DATA END command failed Detail: Ratelimit "hostinger_out_ratelimit" exceeded for key "RLf7haupisippcg6m4d8w4jsfj"
 SMTP code: 451 Additional SMTP info: 4.7.1

[2026-09-06 20:09:03] To: clara.ass1788718125@example.test | Subject: An active partner seat has opened on ASS Seat Selection ass1788718125 | SMTP Error: SMTP Error: data not accepted.SMTP server error: DATA END command failed Detail: Ratelimit "hostinger_out_ratelimit" exceeded for key "RLf7haupisippcg6m4d8w4jsfj"
 SMTP code: 451 Additional SMTP info: 4.7.1

[2026-09-06 20:09:05] To: anna.ass1788718125@example.test | Subject: An active partner seat has opened on ASS Seat Selection ass1788718125 | SMTP Error: SMTP Error: data not accepted.SMTP server error: DATA END command failed Detail: Ratelimit "hostinger_out_ratelimit" exceeded for key "RLf7haupisippcg6m4d8w4jsfj"
 SMTP code: 451 Additional SMTP info: 4.7.1

[2026-09-06 20:09:09] To: ben.ass1788718125@example.test | Subject: An active partner seat has opened on ASS Seat Selection ass1788718125 | SMTP Error: SMTP Error: data not accepted.SMTP server error: DATA END command failed Detail: Ratelimit "hostinger_out_ratelimit" exceeded for key "RLf7haupisippcg6m4d8w4jsfj"
 SMTP code: 451 Additional SMTP info: 4.7.1

[2026-09-06 20:09:11] To: clara.ass1788718125@example.test | Subject: An active partner seat has opened on ASS Seat Selection ass1788718125 | SMTP Error: SMTP Error: data not accepted.SMTP server error: DATA END command failed Detail: Ratelimit "hostinger_out_ratelimit" exceeded for key "RLf7haupisippcg6m4d8w4jsfj"
 SMTP code: 451 Additional SMTP info: 4.7.1

[2026-09-06 20:09:12] To: anna.ass1788718125@example.test | Subject: A silent partner seat has opened on ASS Seat Selection ass1788718125 | SMTP Error: SMTP Error: data not accepted.SMTP server error: DATA END command failed Detail: Ratelimit "hostinger_out_ratelimit" exceeded for key "RLf7haupisippcg6m4d8w4jsfj"
 SMTP code: 451 Additional SMTP info: 4.7.1

[2026-09-06 20:09:14] To: ben.ass1788718125@example.test | Subject: A silent partner seat has opened on ASS Seat Selection ass1788718125 | SMTP Error: SMTP Error: data not accepted.SMTP server error: DATA END command failed Detail: Ratelimit "hostinger_out_ratelimit" exceeded for key "RLf7haupisippcg6m4d8w4jsfj"
 SMTP code: 451 Additional SMTP info: 4.7.1

[2026-09-06 20:09:16] To: clara.ass1788718125@example.test | Subject: A silent partner seat has opened on ASS Seat Selection ass1788718125 | SMTP Error: SMTP Error: data not accepted.SMTP server error: DATA END command failed Detail: Ratelimit "hostinger_out_ratelimit" exceeded for key "RLf7haupisippcg6m4d8w4jsfj"
 SMTP code: 451 Additional SMTP info: 4.7.1

[2026-09-06 20:09:22] To: eqfreeze1788718160.partner@test.invalid | Subject: Payment Confirmed — You joined ZZ eqfreeze1788718160 | SMTP Error: SMTP Error: data not accepted.SMTP server error: DATA END command failed Detail: Ratelimit "hostinger_out_ratelimit" exceeded for key "RLf7haupisippcg6m4d8w4jsfj"
 SMTP code: 451 Additional SMTP info: 4.7.1

[2026-09-06 20:09:24] To: eqfreeze1788718160.later@test.invalid | Subject: Payment Confirmed — You joined ZZ eqfreeze1788718160 | SMTP Error: SMTP Error: data not accepted.SMTP server error: DATA END command failed Detail: Ratelimit "hostinger_out_ratelimit" exceeded for key "RLf7haupisippcg6m4d8w4jsfj"
 SMTP code: 451 Additional SMTP info: 4.7.1

[2026-09-06 20:09:32] To: gwguard_1788718170@example.test | Subject: Payment Confirmed — You joined GATEWAY GUARD TEST | SMTP Error: SMTP Error: data not accepted.SMTP server error: DATA END command failed Detail: Ratelimit "hostinger_out_ratelimit" exceeded for key "RLf7haupisippcg6m4d8w4jsfj"
 SMTP code: 451 Additional SMTP info: 4.7.1

[2026-09-06 20:09:34] To: gwguard_1788718170@example.test | Subject: Payment Confirmed — You joined GATEWAY GUARD TEST | SMTP Error: SMTP Error: data not accepted.SMTP server error: DATA END command failed Detail: Ratelimit "hostinger_out_ratelimit" exceeded for key "RLf7haupisippcg6m4d8w4jsfj"
 SMTP code: 451 Additional SMTP info: 4.7.1

[2026-09-06 20:09:50] To: waiter.srd1788718188@example.test | Subject: A silent partner seat has opened on SRD Role Disclosure srd1788718188 | SMTP Error: SMTP Error: data not accepted.SMTP server error: DATA END command failed Detail: Ratelimit "hostinger_out_ratelimit" exceeded for key "RLf7haupisippcg6m4d8w4jsfj"
 SMTP code: 451 Additional SMTP info: 4.7.1

[2026-09-06 20:09:52] To: waiter.srd1788718188@example.test | Subject: An active partner seat has opened on SRD Role Disclosure srd1788718188 | SMTP Error: SMTP Error: data not accepted.SMTP server error: DATA END command failed Detail: Ratelimit "hostinger_out_ratelimit" exceeded for key "RLf7haupisippcg6m4d8w4jsfj"
 SMTP code: 451 Additional SMTP info: 4.7.1

[2026-09-06 20:09:54] To: waiter.srd1788718188@example.test | Subject: A silent partner seat has opened on SRD Role Disclosure srd1788718188 | SMTP Error: SMTP Error: data not accepted.SMTP server error: DATA END command failed Detail: Ratelimit "hostinger_out_ratelimit" exceeded for key "RLf7haupisippcg6m4d8w4jsfj"
 SMTP code: 451 Additional SMTP info: 4.7.1

[2026-09-06 20:09:56] To: waiter.srd1788718188@example.test | Subject: An active partner seat has opened on SRD Role Disclosure srd1788718188 | SMTP Error: SMTP Error: data not accepted.SMTP server error: DATA END command failed Detail: Ratelimit "hostinger_out_ratelimit" exceeded for key "RLf7haupisippcg6m4d8w4jsfj"
 SMTP code: 451 Additional SMTP info: 4.7.1

[2026-09-06 20:09:58] To: wl.alice.6a9dac74647cc@wl.invalid | Subject: A silent partner seat has opened on WL Test Asset | SMTP Error: SMTP Error: data not accepted.SMTP server error: DATA END command failed Detail: Ratelimit "hostinger_out_ratelimit" exceeded for key "RLf7haupisippcg6m4d8w4jsfj"
 SMTP code: 451 Additional SMTP info: 4.7.1

[2026-09-06 20:10:00] To: wl.bob.6a9dac7464b63@wl.invalid | Subject: A silent partner seat has opened on WL Test Asset | SMTP Error: SMTP Error: data not accepted.SMTP server error: DATA END command failed Detail: Ratelimit "hostinger_out_ratelimit" exceeded for key "RLf7haupisippcg6m4d8w4jsfj"
 SMTP code: 451 Additional SMTP info: 4.7.1

[2026-09-06 20:10:02] To: wl.bob.6a9dac7464b63@wl.invalid | Subject: Payment Confirmed — You joined WL Test Asset | SMTP Error: SMTP Error: data not accepted.SMTP server error: DATA END command failed Detail: Ratelimit "hostinger_out_ratelimit" exceeded for key "RLf7haupisippcg6m4d8w4jsfj"
 SMTP code: 451 Additional SMTP info: 4.7.1

[2026-09-06 20:10:05] To: a.wlhttp1788718202@example.test | Subject: A silent partner seat has opened on WLH Test Asset | SMTP Error: SMTP Error: data not accepted.SMTP server error: DATA END command failed Detail: Ratelimit "hostinger_out_ratelimit" exceeded for key "RLf7haupisippcg6m4d8w4jsfj"
 SMTP code: 451 Additional SMTP info: 4.7.1

[2026-09-06 20:10:07] To: b.wlhttp1788718202@example.test | Subject: A silent partner seat has opened on WLH Test Asset | SMTP Error: SMTP Error: data not accepted.SMTP server error: DATA END command failed Detail: Ratelimit "hostinger_out_ratelimit" exceeded for key "RLf7haupisippcg6m4d8w4jsfj"
 SMTP code: 451 Additional SMTP info: 4.7.1

[2026-09-06 20:10:09] To: a.wlhttp1788718202@example.test | Subject: Payment Confirmed — You joined WLH Test Asset | SMTP Error: SMTP Error: data not accepted.SMTP server error: DATA END command failed Detail: Ratelimit "hostinger_out_ratelimit" exceeded for key "RLf7haupisippcg6m4d8w4jsfj"
 SMTP code: 451 Additional SMTP info: 4.7.1

[2026-09-06 20:12:10] To: reusetest_1788718326@example.test | Subject: Verify your Ventures Harbor account | SMTP Error: SMTP Error: data not accepted.SMTP server error: DATA END command failed Detail: Ratelimit "hostinger_out_ratelimit" exceeded for key "RLf7haupisippcg6m4d8w4jsfj"
 SMTP code: 451 Additional SMTP info: 4.7.1

[2026-09-06 20:12:12] To: reusetest_1788718326@example.test | Subject: Verify your Ventures Harbor account | SMTP Error: SMTP Error: data not accepted.SMTP server error: DATA END command failed Detail: Ratelimit "hostinger_out_ratelimit" exceeded for key "RLf7haupisippcg6m4d8w4jsfj"
 SMTP code: 451 Additional SMTP info: 4.7.1

[2026-09-06 20:12:16] To: anna.ash1788718333@example.test | Subject: An active partner seat has opened on ASH Seat ash1788718333 | SMTP Error: SMTP Error: data not accepted.SMTP server error: DATA END command failed Detail: Ratelimit "hostinger_out_ratelimit" exceeded for key "RLf7haupisippcg6m4d8w4jsfj"
 SMTP code: 451 Additional SMTP info: 4.7.1

[2026-09-06 20:12:17] To: ben.ash1788718333@example.test | Subject: An active partner seat has opened on ASH Seat ash1788718333 | SMTP Error: SMTP Error: data not accepted.SMTP server error: DATA END command failed Detail: Ratelimit "hostinger_out_ratelimit" exceeded for key "RLf7haupisippcg6m4d8w4jsfj"
 SMTP code: 451 Additional SMTP info: 4.7.1

[2026-09-06 20:12:21] To: anna.ash1788718333@example.test | Subject: A silent partner seat has opened on ASH Seat ash1788718333 | SMTP Error: SMTP Error: data not accepted.SMTP server error: DATA END command failed Detail: Ratelimit "hostinger_out_ratelimit" exceeded for key "RLf7haupisippcg6m4d8w4jsfj"
 SMTP code: 451 Additional SMTP info: 4.7.1

[2026-09-06 20:12:22] To: ben.ash1788718333@example.test | Subject: A silent partner seat has opened on ASH Seat ash1788718333 | SMTP Error: SMTP Error: data not accepted.SMTP server error: DATA END command failed Detail: Ratelimit "hostinger_out_ratelimit" exceeded for key "RLf7haupisippcg6m4d8w4jsfj"
 SMTP code: 451 Additional SMTP info: 4.7.1

[2026-09-06 20:12:24] To: anna.ass1788718343@example.test | Subject: A silent partner seat has opened on ASS Seat Selection ass1788718343 | SMTP Error: SMTP Error: data not accepted.SMTP server error: DATA END command failed Detail: Ratelimit "hostinger_out_ratelimit" exceeded for key "RLf7haupisippcg6m4d8w4jsfj"
 SMTP code: 451 Additional SMTP info: 4.7.1

[2026-09-06 20:12:26] To: ben.ass1788718343@example.test | Subject: A silent partner seat has opened on ASS Seat Selection ass1788718343 | SMTP Error: SMTP Error: data not accepted.SMTP server error: DATA END command failed Detail: Ratelimit "hostinger_out_ratelimit" exceeded for key "RLf7haupisippcg6m4d8w4jsfj"
 SMTP code: 451 Additional SMTP info: 4.7.1

[2026-09-06 20:12:28] To: clara.ass1788718343@example.test | Subject: A silent partner seat has opened on ASS Seat Selection ass1788718343 | SMTP Error: SMTP Error: data not accepted.SMTP server error: DATA END command failed Detail: Ratelimit "hostinger_out_ratelimit" exceeded for key "RLf7haupisippcg6m4d8w4jsfj"
 SMTP code: 451 Additional SMTP info: 4.7.1

[2026-09-06 20:12:30] To: anna.ass1788718343@example.test | Subject: An active partner seat has opened on ASS Seat Selection ass1788718343 | SMTP Error: SMTP Error: data not accepted.SMTP server error: DATA END command failed Detail: Ratelimit "hostinger_out_ratelimit" exceeded for key "RLf7haupisippcg6m4d8w4jsfj"
 SMTP code: 451 Additional SMTP info: 4.7.1

[2026-09-06 20:12:32] To: ben.ass1788718343@example.test | Subject: An active partner seat has opened on ASS Seat Selection ass1788718343 | SMTP Error: SMTP Error: data not accepted.SMTP server error: DATA END command failed Detail: Ratelimit "hostinger_out_ratelimit" exceeded for key "RLf7haupisippcg6m4d8w4jsfj"
 SMTP code: 451 Additional SMTP info: 4.7.1

[2026-09-06 20:12:34] To: clara.ass1788718343@example.test | Subject: An active partner seat has opened on ASS Seat Selection ass1788718343 | SMTP Error: SMTP Error: data not accepted.SMTP server error: DATA END command failed Detail: Ratelimit "hostinger_out_ratelimit" exceeded for key "RLf7haupisippcg6m4d8w4jsfj"
 SMTP code: 451 Additional SMTP info: 4.7.1

[2026-09-06 20:12:35] To: anna.ass1788718343@example.test | Subject: An active partner seat has opened on ASS Seat Selection ass1788718343 | SMTP Error: SMTP Error: data not accepted.SMTP server error: DATA END command failed Detail: Ratelimit "hostinger_out_ratelimit" exceeded for key "RLf7haupisippcg6m4d8w4jsfj"
 SMTP code: 451 Additional SMTP info: 4.7.1

[2026-09-06 20:12:37] To: ben.ass1788718343@example.test | Subject: An active partner seat has opened on ASS Seat Selection ass1788718343 | SMTP Error: SMTP Error: data not accepted.SMTP server error: DATA END command failed Detail: Ratelimit "hostinger_out_ratelimit" exceeded for key "RLf7haupisippcg6m4d8w4jsfj"
 SMTP code: 451 Additional SMTP info: 4.7.1

[2026-09-06 20:12:39] To: clara.ass1788718343@example.test | Subject: An active partner seat has opened on ASS Seat Selection ass1788718343 | SMTP Error: SMTP Error: data not accepted.SMTP server error: DATA END command failed Detail: Ratelimit "hostinger_out_ratelimit" exceeded for key "RLf7haupisippcg6m4d8w4jsfj"
 SMTP code: 451 Additional SMTP info: 4.7.1

[2026-09-06 20:12:41] To: anna.ass1788718343@example.test | Subject: An active partner seat has opened on ASS Seat Selection ass1788718343 | SMTP Error: SMTP Error: data not accepted.SMTP server error: DATA END command failed Detail: Ratelimit "hostinger_out_ratelimit" exceeded for key "RLf7haupisippcg6m4d8w4jsfj"
 SMTP code: 451 Additional SMTP info: 4.7.1

[2026-09-06 20:12:43] To: ben.ass1788718343@example.test | Subject: An active partner seat has opened on ASS Seat Selection ass1788718343 | SMTP Error: SMTP Error: data not accepted.SMTP server error: DATA END command failed Detail: Ratelimit "hostinger_out_ratelimit" exceeded for key "RLf7haupisippcg6m4d8w4jsfj"
 SMTP code: 451 Additional SMTP info: 4.7.1

[2026-09-06 20:12:44] To: clara.ass1788718343@example.test | Subject: An active partner seat has opened on ASS Seat Selection ass1788718343 | SMTP Error: SMTP Error: data not accepted.SMTP server error: DATA END command failed Detail: Ratelimit "hostinger_out_ratelimit" exceeded for key "RLf7haupisippcg6m4d8w4jsfj"
 SMTP code: 451 Additional SMTP info: 4.7.1

[2026-09-06 20:12:46] To: anna.ass1788718343@example.test | Subject: A silent partner seat has opened on ASS Seat Selection ass1788718343 | SMTP Error: SMTP Error: data not accepted.SMTP server error: DATA END command failed Detail: Ratelimit "hostinger_out_ratelimit" exceeded for key "RLf7haupisippcg6m4d8w4jsfj"
 SMTP code: 451 Additional SMTP info: 4.7.1

[2026-09-06 20:12:48] To: ben.ass1788718343@example.test | Subject: A silent partner seat has opened on ASS Seat Selection ass1788718343 | SMTP Error: SMTP Error: data not accepted.SMTP server error: DATA END command failed Detail: Ratelimit "hostinger_out_ratelimit" exceeded for key "RLf7haupisippcg6m4d8w4jsfj"
 SMTP code: 451 Additional SMTP info: 4.7.1

[2026-09-06 20:12:50] To: clara.ass1788718343@example.test | Subject: A silent partner seat has opened on ASS Seat Selection ass1788718343 | SMTP Error: SMTP Error: data not accepted.SMTP server error: DATA END command failed Detail: Ratelimit "hostinger_out_ratelimit" exceeded for key "RLf7haupisippcg6m4d8w4jsfj"
 SMTP code: 451 Additional SMTP info: 4.7.1

[2026-09-06 20:12:56] To: eqfreeze1788718375.partner@test.invalid | Subject: Payment Confirmed — You joined ZZ eqfreeze1788718375 | SMTP Error: SMTP Error: data not accepted.SMTP server error: DATA END command failed Detail: Ratelimit "hostinger_out_ratelimit" exceeded for key "RLf7haupisippcg6m4d8w4jsfj"
 SMTP code: 451 Additional SMTP info: 4.7.1

[2026-09-06 20:12:58] To: eqfreeze1788718375.later@test.invalid | Subject: Payment Confirmed — You joined ZZ eqfreeze1788718375 | SMTP Error: SMTP Error: data not accepted.SMTP server error: DATA END command failed Detail: Ratelimit "hostinger_out_ratelimit" exceeded for key "RLf7haupisippcg6m4d8w4jsfj"
 SMTP code: 451 Additional SMTP info: 4.7.1

[2026-09-06 20:13:01] To: p.eqfz1788718378@example.test | Subject: Payment Confirmed — You joined Freeze eqfz1788718378 | SMTP Error: SMTP Error: data not accepted.SMTP server error: DATA END command failed Detail: Ratelimit "hostinger_out_ratelimit" exceeded for key "RLf7haupisippcg6m4d8w4jsfj"
 SMTP code: 451 Additional SMTP info: 4.7.1

[2026-09-06 20:13:07] To: gwguard_1788718385@example.test | Subject: Payment Confirmed — You joined GATEWAY GUARD TEST | SMTP Error: SMTP Error: data not accepted.SMTP server error: DATA END command failed Detail: Ratelimit "hostinger_out_ratelimit" exceeded for key "RLf7haupisippcg6m4d8w4jsfj"
 SMTP code: 451 Additional SMTP info: 4.7.1

[2026-09-06 20:13:09] To: gwguard_1788718385@example.test | Subject: Payment Confirmed — You joined GATEWAY GUARD TEST | SMTP Error: SMTP Error: data not accepted.SMTP server error: DATA END command failed Detail: Ratelimit "hostinger_out_ratelimit" exceeded for key "RLf7haupisippcg6m4d8w4jsfj"
 SMTP code: 451 Additional SMTP info: 4.7.1

[2026-09-06 20:13:25] To: waiter.srd1788718403@example.test | Subject: A silent partner seat has opened on SRD Role Disclosure srd1788718403 | SMTP Error: SMTP Error: data not accepted.SMTP server error: DATA END command failed Detail: Ratelimit "hostinger_out_ratelimit" exceeded for key "RLf7haupisippcg6m4d8w4jsfj"
 SMTP code: 451 Additional SMTP info: 4.7.1

[2026-09-06 20:13:27] To: waiter.srd1788718403@example.test | Subject: An active partner seat has opened on SRD Role Disclosure srd1788718403 | SMTP Error: SMTP Error: data not accepted.SMTP server error: DATA END command failed Detail: Ratelimit "hostinger_out_ratelimit" exceeded for key "RLf7haupisippcg6m4d8w4jsfj"
 SMTP code: 451 Additional SMTP info: 4.7.1

[2026-09-06 20:13:28] To: waiter.srd1788718403@example.test | Subject: A silent partner seat has opened on SRD Role Disclosure srd1788718403 | SMTP Error: SMTP Error: data not accepted.SMTP server error: DATA END command failed Detail: Ratelimit "hostinger_out_ratelimit" exceeded for key "RLf7haupisippcg6m4d8w4jsfj"
 SMTP code: 451 Additional SMTP info: 4.7.1

[2026-09-06 20:13:31] To: waiter.srd1788718403@example.test | Subject: An active partner seat has opened on SRD Role Disclosure srd1788718403 | SMTP Error: SMTP Error: data not accepted.SMTP server error: DATA END command failed Detail: Ratelimit "hostinger_out_ratelimit" exceeded for key "RLf7haupisippcg6m4d8w4jsfj"
 SMTP code: 451 Additional SMTP info: 4.7.1

[2026-09-06 20:13:33] To: wl.alice.6a9dad4beb1bc@wl.invalid | Subject: A silent partner seat has opened on WL Test Asset | SMTP Error: SMTP Error: data not accepted.SMTP server error: DATA END command failed Detail: Ratelimit "hostinger_out_ratelimit" exceeded for key "RLf7haupisippcg6m4d8w4jsfj"
 SMTP code: 451 Additional SMTP info: 4.7.1

[2026-09-06 20:13:35] To: wl.bob.6a9dad4beb53a@wl.invalid | Subject: A silent partner seat has opened on WL Test Asset | SMTP Error: SMTP Error: data not accepted.SMTP server error: DATA END command failed Detail: Ratelimit "hostinger_out_ratelimit" exceeded for key "RLf7haupisippcg6m4d8w4jsfj"
 SMTP code: 451 Additional SMTP info: 4.7.1

[2026-09-06 20:13:37] To: wl.bob.6a9dad4beb53a@wl.invalid | Subject: Payment Confirmed — You joined WL Test Asset | SMTP Error: SMTP Error: data not accepted.SMTP server error: DATA END command failed Detail: Ratelimit "hostinger_out_ratelimit" exceeded for key "RLf7haupisippcg6m4d8w4jsfj"
 SMTP code: 451 Additional SMTP info: 4.7.1

[2026-09-06 20:13:40] To: a.wlhttp1788718417@example.test | Subject: A silent partner seat has opened on WLH Test Asset | SMTP Error: SMTP Error: data not accepted.SMTP server error: DATA END command failed Detail: Ratelimit "hostinger_out_ratelimit" exceeded for key "RLf7haupisippcg6m4d8w4jsfj"
 SMTP code: 451 Additional SMTP info: 4.7.1

[2026-09-06 20:13:42] To: b.wlhttp1788718417@example.test | Subject: A silent partner seat has opened on WLH Test Asset | SMTP Error: SMTP Error: data not accepted.SMTP server error: DATA END command failed Detail: Ratelimit "hostinger_out_ratelimit" exceeded for key "RLf7haupisippcg6m4d8w4jsfj"
 SMTP code: 451 Additional SMTP info: 4.7.1

[2026-09-06 20:13:44] To: a.wlhttp1788718417@example.test | Subject: Payment Confirmed — You joined WLH Test Asset | SMTP Error: SMTP Error: data not accepted.SMTP server error: DATA END command failed Detail: Ratelimit "hostinger_out_ratelimit" exceeded for key "RLf7haupisippcg6m4d8w4jsfj"
 SMTP code: 451 Additional SMTP info: 4.7.1

[2026-09-07 13:49:17] To: waiter.srd1788781755@example.test | Subject: A silent partner seat has opened on SRD Role Disclosure srd1788781755 | SMTP Error: SMTP Error: data not accepted.SMTP server error: DATA END command failed Detail: Ratelimit "hostinger_out_ratelimit" exceeded for key "RLf7haupisippcg6m4d8w4jsfj"
 SMTP code: 451 Additional SMTP info: 4.7.1

[2026-09-07 13:49:19] To: waiter.srd1788781755@example.test | Subject: An active partner seat has opened on SRD Role Disclosure srd1788781755 | SMTP Error: SMTP Error: data not accepted.SMTP server error: DATA END command failed Detail: Ratelimit "hostinger_out_ratelimit" exceeded for key "RLf7haupisippcg6m4d8w4jsfj"
 SMTP code: 451 Additional SMTP info: 4.7.1

[2026-09-07 13:49:21] To: waiter.srd1788781755@example.test | Subject: A silent partner seat has opened on SRD Role Disclosure srd1788781755 | SMTP Error: SMTP Error: data not accepted.SMTP server error: DATA END command failed Detail: Ratelimit "hostinger_out_ratelimit" exceeded for key "RLf7haupisippcg6m4d8w4jsfj"
 SMTP code: 451 Additional SMTP info: 4.7.1

[2026-09-07 13:49:23] To: waiter.srd1788781755@example.test | Subject: An active partner seat has opened on SRD Role Disclosure srd1788781755 | SMTP Error: SMTP Error: data not accepted.SMTP server error: DATA END command failed Detail: Ratelimit "hostinger_out_ratelimit" exceeded for key "RLf7haupisippcg6m4d8w4jsfj"
 SMTP code: 451 Additional SMTP info: 4.7.1

[2026-09-07 13:49:47] To: waiter.srd1788781785@example.test | Subject: A silent partner seat has opened on SRD Role Disclosure srd1788781785 | SMTP Error: SMTP Error: data not accepted.SMTP server error: DATA END command failed Detail: Ratelimit "hostinger_out_ratelimit" exceeded for key "RLf7haupisippcg6m4d8w4jsfj"
 SMTP code: 451 Additional SMTP info: 4.7.1

[2026-09-07 13:49:49] To: waiter.srd1788781785@example.test | Subject: An active partner seat has opened on SRD Role Disclosure srd1788781785 | SMTP Error: SMTP Error: data not accepted.SMTP server error: DATA END command failed Detail: Ratelimit "hostinger_out_ratelimit" exceeded for key "RLf7haupisippcg6m4d8w4jsfj"
 SMTP code: 451 Additional SMTP info: 4.7.1

[2026-09-07 13:49:50] To: waiter.srd1788781785@example.test | Subject: A silent partner seat has opened on SRD Role Disclosure srd1788781785 | SMTP Error: SMTP Error: data not accepted.SMTP server error: DATA END command failed Detail: Ratelimit "hostinger_out_ratelimit" exceeded for key "RLf7haupisippcg6m4d8w4jsfj"
 SMTP code: 451 Additional SMTP info: 4.7.1

[2026-09-07 13:49:53] To: waiter.srd1788781785@example.test | Subject: An active partner seat has opened on SRD Role Disclosure srd1788781785 | SMTP Error: SMTP Error: data not accepted.SMTP server error: DATA END command failed Detail: Ratelimit "hostinger_out_ratelimit" exceeded for key "RLf7haupisippcg6m4d8w4jsfj"
 SMTP code: 451 Additional SMTP info: 4.7.1

[2026-09-07 13:49:55] To: anna.ash1788781793@example.test | Subject: An active partner seat has opened on ASH Seat ash1788781793 | SMTP Error: SMTP Error: data not accepted.SMTP server error: DATA END command failed Detail: Ratelimit "hostinger_out_ratelimit" exceeded for key "RLf7haupisippcg6m4d8w4jsfj"
 SMTP code: 451 Additional SMTP info: 4.7.1

[2026-09-07 13:49:59] To: ben.ash1788781793@example.test | Subject: An active partner seat has opened on ASH Seat ash1788781793 | SMTP Error: SMTP Error: data not accepted.SMTP server error: DATA END command failed Detail: Ratelimit "hostinger_out_ratelimit" exceeded for key "RLf7haupisippcg6m4d8w4jsfj"
 SMTP code: 451 Additional SMTP info: 4.7.1

[2026-09-07 13:50:01] To: anna.ash1788781793@example.test | Subject: A silent partner seat has opened on ASH Seat ash1788781793 | SMTP Error: SMTP Error: data not accepted.SMTP server error: DATA END command failed Detail: Ratelimit "hostinger_out_ratelimit" exceeded for key "RLf7haupisippcg6m4d8w4jsfj"
 SMTP code: 451 Additional SMTP info: 4.7.1

[2026-09-07 13:50:03] To: ben.ash1788781793@example.test | Subject: A silent partner seat has opened on ASH Seat ash1788781793 | SMTP Error: SMTP Error: data not accepted.SMTP server error: DATA END command failed Detail: Ratelimit "hostinger_out_ratelimit" exceeded for key "RLf7haupisippcg6m4d8w4jsfj"
 SMTP code: 451 Additional SMTP info: 4.7.1

[2026-09-07 13:50:05] To: wl.alice.6a9ea4ec2d60d@wl.invalid | Subject: A silent partner seat has opened on WL Test Asset | SMTP Error: SMTP Error: data not accepted.SMTP server error: DATA END command failed Detail: Ratelimit "hostinger_out_ratelimit" exceeded for key "RLf7haupisippcg6m4d8w4jsfj"
 SMTP code: 451 Additional SMTP info: 4.7.1

[2026-09-07 13:50:07] To: wl.bob.6a9ea4ec2d704@wl.invalid | Subject: A silent partner seat has opened on WL Test Asset | SMTP Error: SMTP Error: data not accepted.SMTP server error: DATA END command failed Detail: Ratelimit "hostinger_out_ratelimit" exceeded for key "RLf7haupisippcg6m4d8w4jsfj"
 SMTP code: 451 Additional SMTP info: 4.7.1

[2026-09-07 13:50:09] To: wl.bob.6a9ea4ec2d704@wl.invalid | Subject: Payment Confirmed — You joined WL Test Asset | SMTP Error: SMTP Error: data not accepted.SMTP server error: DATA END command failed Detail: Ratelimit "hostinger_out_ratelimit" exceeded for key "RLf7haupisippcg6m4d8w4jsfj"
 SMTP code: 451 Additional SMTP info: 4.7.1

[2026-09-07 13:50:12] To: a.wlhttp1788781809@example.test | Subject: A silent partner seat has opened on WLH Test Asset | SMTP Error: SMTP Error: data not accepted.SMTP server error: DATA END command failed Detail: Ratelimit "hostinger_out_ratelimit" exceeded for key "RLf7haupisippcg6m4d8w4jsfj"
 SMTP code: 451 Additional SMTP info: 4.7.1

[2026-09-07 13:50:14] To: b.wlhttp1788781809@example.test | Subject: A silent partner seat has opened on WLH Test Asset | SMTP Error: SMTP Error: data not accepted.SMTP server error: DATA END command failed Detail: Ratelimit "hostinger_out_ratelimit" exceeded for key "RLf7haupisippcg6m4d8w4jsfj"
 SMTP code: 451 Additional SMTP info: 4.7.1

[2026-09-07 13:50:16] To: a.wlhttp1788781809@example.test | Subject: Payment Confirmed — You joined WLH Test Asset | SMTP Error: SMTP Error: data not accepted.SMTP server error: DATA END command failed Detail: Ratelimit "hostinger_out_ratelimit" exceeded for key "RLf7haupisippcg6m4d8w4jsfj"
 SMTP code: 451 Additional SMTP info: 4.7.1

[2026-09-07 13:50:18] To: anna.ass1788781816@example.test | Subject: A silent partner seat has opened on ASS Seat Selection ass1788781816 | SMTP Error: SMTP Error: data not accepted.SMTP server error: DATA END command failed Detail: Ratelimit "hostinger_out_ratelimit" exceeded for key "RLf7haupisippcg6m4d8w4jsfj"
 SMTP code: 451 Additional SMTP info: 4.7.1

[2026-09-07 13:50:19] To: ben.ass1788781816@example.test | Subject: A silent partner seat has opened on ASS Seat Selection ass1788781816 | SMTP Error: SMTP Error: data not accepted.SMTP server error: DATA END command failed Detail: Ratelimit "hostinger_out_ratelimit" exceeded for key "RLf7haupisippcg6m4d8w4jsfj"
 SMTP code: 451 Additional SMTP info: 4.7.1

[2026-09-07 13:50:21] To: clara.ass1788781816@example.test | Subject: A silent partner seat has opened on ASS Seat Selection ass1788781816 | SMTP Error: SMTP Error: data not accepted.SMTP server error: DATA END command failed Detail: Ratelimit "hostinger_out_ratelimit" exceeded for key "RLf7haupisippcg6m4d8w4jsfj"
 SMTP code: 451 Additional SMTP info: 4.7.1

[2026-09-07 13:50:23] To: anna.ass1788781816@example.test | Subject: An active partner seat has opened on ASS Seat Selection ass1788781816 | SMTP Error: SMTP Error: data not accepted.SMTP server error: DATA END command failed Detail: Ratelimit "hostinger_out_ratelimit" exceeded for key "RLf7haupisippcg6m4d8w4jsfj"
 SMTP code: 451 Additional SMTP info: 4.7.1

[2026-09-07 13:50:25] To: ben.ass1788781816@example.test | Subject: An active partner seat has opened on ASS Seat Selection ass1788781816 | SMTP Error: SMTP Error: data not accepted.SMTP server error: DATA END command failed Detail: Ratelimit "hostinger_out_ratelimit" exceeded for key "RLf7haupisippcg6m4d8w4jsfj"
 SMTP code: 451 Additional SMTP info: 4.7.1

[2026-09-07 13:50:27] To: clara.ass1788781816@example.test | Subject: An active partner seat has opened on ASS Seat Selection ass1788781816 | SMTP Error: SMTP Error: data not accepted.SMTP server error: DATA END command failed Detail: Ratelimit "hostinger_out_ratelimit" exceeded for key "RLf7haupisippcg6m4d8w4jsfj"
 SMTP code: 451 Additional SMTP info: 4.7.1

[2026-09-07 13:50:29] To: anna.ass1788781816@example.test | Subject: An active partner seat has opened on ASS Seat Selection ass1788781816 | SMTP Error: SMTP Error: data not accepted.SMTP server error: DATA END command failed Detail: Ratelimit "hostinger_out_ratelimit" exceeded for key "RLf7haupisippcg6m4d8w4jsfj"
 SMTP code: 451 Additional SMTP info: 4.7.1

[2026-09-07 13:50:30] To: ben.ass1788781816@example.test | Subject: An active partner seat has opened on ASS Seat Selection ass1788781816 | SMTP Error: SMTP Error: data not accepted.SMTP server error: DATA END command failed Detail: Ratelimit "hostinger_out_ratelimit" exceeded for key "RLf7haupisippcg6m4d8w4jsfj"
 SMTP code: 451 Additional SMTP info: 4.7.1

[2026-09-07 13:50:32] To: clara.ass1788781816@example.test | Subject: An active partner seat has opened on ASS Seat Selection ass1788781816 | SMTP Error: SMTP Error: data not accepted.SMTP server error: DATA END command failed Detail: Ratelimit "hostinger_out_ratelimit" exceeded for key "RLf7haupisippcg6m4d8w4jsfj"
 SMTP code: 451 Additional SMTP info: 4.7.1

[2026-09-07 13:50:34] To: anna.ass1788781816@example.test | Subject: An active partner seat has opened on ASS Seat Selection ass1788781816 | SMTP Error: SMTP Error: data not accepted.SMTP server error: DATA END command failed Detail: Ratelimit "hostinger_out_ratelimit" exceeded for key "RLf7haupisippcg6m4d8w4jsfj"
 SMTP code: 451 Additional SMTP info: 4.7.1

[2026-09-07 13:50:36] To: ben.ass1788781816@example.test | Subject: An active partner seat has opened on ASS Seat Selection ass1788781816 | SMTP Error: SMTP Error: data not accepted.SMTP server error: DATA END command failed Detail: Ratelimit "hostinger_out_ratelimit" exceeded for key "RLf7haupisippcg6m4d8w4jsfj"
 SMTP code: 451 Additional SMTP info: 4.7.1

[2026-09-07 13:50:38] To: clara.ass1788781816@example.test | Subject: An active partner seat has opened on ASS Seat Selection ass1788781816 | SMTP Error: SMTP Error: data not accepted.SMTP server error: DATA END command failed Detail: Ratelimit "hostinger_out_ratelimit" exceeded for key "RLf7haupisippcg6m4d8w4jsfj"
 SMTP code: 451 Additional SMTP info: 4.7.1

[2026-09-07 13:50:40] To: anna.ass1788781816@example.test | Subject: A silent partner seat has opened on ASS Seat Selection ass1788781816 | SMTP Error: SMTP Error: data not accepted.SMTP server error: DATA END command failed Detail: Ratelimit "hostinger_out_ratelimit" exceeded for key "RLf7haupisippcg6m4d8w4jsfj"
 SMTP code: 451 Additional SMTP info: 4.7.1

[2026-09-07 13:50:42] To: ben.ass1788781816@example.test | Subject: A silent partner seat has opened on ASS Seat Selection ass1788781816 | SMTP Error: SMTP Error: data not accepted.SMTP server error: DATA END command failed Detail: Ratelimit "hostinger_out_ratelimit" exceeded for key "RLf7haupisippcg6m4d8w4jsfj"
 SMTP code: 451 Additional SMTP info: 4.7.1

[2026-09-07 13:50:44] To: clara.ass1788781816@example.test | Subject: A silent partner seat has opened on ASS Seat Selection ass1788781816 | SMTP Error: SMTP Error: data not accepted.SMTP server error: DATA END command failed Detail: Ratelimit "hostinger_out_ratelimit" exceeded for key "RLf7haupisippcg6m4d8w4jsfj"
 SMTP code: 451 Additional SMTP info: 4.7.1

[2026-09-07 14:10:25] To: reusetest_1788783019@example.test | Subject: Verify your Ventures Harbor account | SMTP Error: SMTP Error: data not accepted.SMTP server error: DATA END command failed Detail: Ratelimit "hostinger_out_ratelimit" exceeded for key "RLf7haupisippcg6m4d8w4jsfj"
 SMTP code: 451 Additional SMTP info: 4.7.1

[2026-09-07 14:10:29] To: anna.ash1788783026@example.test | Subject: An active partner seat has opened on ASH Seat ash1788783026 | SMTP Error: SMTP Error: data not accepted.SMTP server error: DATA END command failed Detail: Ratelimit "hostinger_out_ratelimit" exceeded for key "RLf7haupisippcg6m4d8w4jsfj"
 SMTP code: 451 Additional SMTP info: 4.7.1

[2026-09-07 14:10:31] To: ben.ash1788783026@example.test | Subject: An active partner seat has opened on ASH Seat ash1788783026 | SMTP Error: SMTP Error: data not accepted.SMTP server error: DATA END command failed Detail: Ratelimit "hostinger_out_ratelimit" exceeded for key "RLf7haupisippcg6m4d8w4jsfj"
 SMTP code: 451 Additional SMTP info: 4.7.1

[2026-09-07 14:10:33] To: anna.ash1788783026@example.test | Subject: A silent partner seat has opened on ASH Seat ash1788783026 | SMTP Error: SMTP Error: data not accepted.SMTP server error: DATA END command failed Detail: Ratelimit "hostinger_out_ratelimit" exceeded for key "RLf7haupisippcg6m4d8w4jsfj"
 SMTP code: 451 Additional SMTP info: 4.7.1

[2026-09-07 14:10:35] To: ben.ash1788783026@example.test | Subject: A silent partner seat has opened on ASH Seat ash1788783026 | SMTP Error: SMTP Error: data not accepted.SMTP server error: DATA END command failed Detail: Ratelimit "hostinger_out_ratelimit" exceeded for key "RLf7haupisippcg6m4d8w4jsfj"
 SMTP code: 451 Additional SMTP info: 4.7.1

[2026-09-07 14:10:37] To: anna.ass1788783035@example.test | Subject: A silent partner seat has opened on ASS Seat Selection ass1788783035 | SMTP Error: SMTP Error: data not accepted.SMTP server error: DATA END command failed Detail: Ratelimit "hostinger_out_ratelimit" exceeded for key "RLf7haupisippcg6m4d8w4jsfj"
 SMTP code: 451 Additional SMTP info: 4.7.1

[2026-09-07 14:10:39] To: ben.ass1788783035@example.test | Subject: A silent partner seat has opened on ASS Seat Selection ass1788783035 | SMTP Error: SMTP Error: data not accepted.SMTP server error: DATA END command failed Detail: Ratelimit "hostinger_out_ratelimit" exceeded for key "RLf7haupisippcg6m4d8w4jsfj"
 SMTP code: 451 Additional SMTP info: 4.7.1

[2026-09-07 14:10:40] To: clara.ass1788783035@example.test | Subject: A silent partner seat has opened on ASS Seat Selection ass1788783035 | SMTP Error: SMTP Error: data not accepted.SMTP server error: DATA END command failed Detail: Ratelimit "hostinger_out_ratelimit" exceeded for key "RLf7haupisippcg6m4d8w4jsfj"
 SMTP code: 451 Additional SMTP info: 4.7.1

[2026-09-07 14:10:42] To: anna.ass1788783035@example.test | Subject: An active partner seat has opened on ASS Seat Selection ass1788783035 | SMTP Error: SMTP Error: data not accepted.SMTP server error: DATA END command failed Detail: Ratelimit "hostinger_out_ratelimit" exceeded for key "RLf7haupisippcg6m4d8w4jsfj"
 SMTP code: 451 Additional SMTP info: 4.7.1

[2026-09-07 14:10:44] To: ben.ass1788783035@example.test | Subject: An active partner seat has opened on ASS Seat Selection ass1788783035 | SMTP Error: SMTP Error: data not accepted.SMTP server error: DATA END command failed Detail: Ratelimit "hostinger_out_ratelimit" exceeded for key "RLf7haupisippcg6m4d8w4jsfj"
 SMTP code: 451 Additional SMTP info: 4.7.1

[2026-09-07 14:10:46] To: clara.ass1788783035@example.test | Subject: An active partner seat has opened on ASS Seat Selection ass1788783035 | SMTP Error: SMTP Error: data not accepted.SMTP server error: DATA END command failed Detail: Ratelimit "hostinger_out_ratelimit" exceeded for key "RLf7haupisippcg6m4d8w4jsfj"
 SMTP code: 451 Additional SMTP info: 4.7.1

[2026-09-07 14:10:48] To: anna.ass1788783035@example.test | Subject: An active partner seat has opened on ASS Seat Selection ass1788783035 | SMTP Error: SMTP Error: data not accepted.SMTP server error: DATA END command failed Detail: Ratelimit "hostinger_out_ratelimit" exceeded for key "RLf7haupisippcg6m4d8w4jsfj"
 SMTP code: 451 Additional SMTP info: 4.7.1

[2026-09-07 14:10:50] To: ben.ass1788783035@example.test | Subject: An active partner seat has opened on ASS Seat Selection ass1788783035 | SMTP Error: SMTP Error: data not accepted.SMTP server error: DATA END command failed Detail: Ratelimit "hostinger_out_ratelimit" exceeded for key "RLf7haupisippcg6m4d8w4jsfj"
 SMTP code: 451 Additional SMTP info: 4.7.1

[2026-09-07 14:10:52] To: clara.ass1788783035@example.test | Subject: An active partner seat has opened on ASS Seat Selection ass1788783035 | SMTP Error: SMTP Error: data not accepted.SMTP server error: DATA END command failed Detail: Ratelimit "hostinger_out_ratelimit" exceeded for key "RLf7haupisippcg6m4d8w4jsfj"
 SMTP code: 451 Additional SMTP info: 4.7.1

[2026-09-07 14:10:54] To: anna.ass1788783035@example.test | Subject: An active partner seat has opened on ASS Seat Selection ass1788783035 | SMTP Error: SMTP Error: data not accepted.SMTP server error: DATA END command failed Detail: Ratelimit "hostinger_out_ratelimit" exceeded for key "RLf7haupisippcg6m4d8w4jsfj"
 SMTP code: 451 Additional SMTP info: 4.7.1

[2026-09-07 14:10:56] To: ben.ass1788783035@example.test | Subject: An active partner seat has opened on ASS Seat Selection ass1788783035 | SMTP Error: SMTP Error: data not accepted.SMTP server error: DATA END command failed Detail: Ratelimit "hostinger_out_ratelimit" exceeded for key "RLf7haupisippcg6m4d8w4jsfj"
 SMTP code: 451 Additional SMTP info: 4.7.1

[2026-09-07 14:10:57] To: clara.ass1788783035@example.test | Subject: An active partner seat has opened on ASS Seat Selection ass1788783035 | SMTP Error: SMTP Error: data not accepted.SMTP server error: DATA END command failed Detail: Ratelimit "hostinger_out_ratelimit" exceeded for key "RLf7haupisippcg6m4d8w4jsfj"
 SMTP code: 451 Additional SMTP info: 4.7.1

[2026-09-07 14:10:59] To: anna.ass1788783035@example.test | Subject: A silent partner seat has opened on ASS Seat Selection ass1788783035 | SMTP Error: SMTP Error: data not accepted.SMTP server error: DATA END command failed Detail: Ratelimit "hostinger_out_ratelimit" exceeded for key "RLf7haupisippcg6m4d8w4jsfj"
 SMTP code: 451 Additional SMTP info: 4.7.1

[2026-09-07 14:11:01] To: ben.ass1788783035@example.test | Subject: A silent partner seat has opened on ASS Seat Selection ass1788783035 | SMTP Error: SMTP Error: data not accepted.SMTP server error: DATA END command failed Detail: Ratelimit "hostinger_out_ratelimit" exceeded for key "RLf7haupisippcg6m4d8w4jsfj"
 SMTP code: 451 Additional SMTP info: 4.7.1

[2026-09-07 14:11:03] To: clara.ass1788783035@example.test | Subject: A silent partner seat has opened on ASS Seat Selection ass1788783035 | SMTP Error: SMTP Error: data not accepted.SMTP server error: DATA END command failed Detail: Ratelimit "hostinger_out_ratelimit" exceeded for key "RLf7haupisippcg6m4d8w4jsfj"
 SMTP code: 451 Additional SMTP info: 4.7.1

[2026-09-07 14:11:08] To: eqfreeze1788783066.partner@test.invalid | Subject: Payment Confirmed — You joined ZZ eqfreeze1788783066 | SMTP Error: SMTP Error: data not accepted.SMTP server error: DATA END command failed Detail: Ratelimit "hostinger_out_ratelimit" exceeded for key "RLf7haupisippcg6m4d8w4jsfj"
 SMTP code: 451 Additional SMTP info: 4.7.1

[2026-09-07 14:11:10] To: eqfreeze1788783066.later@test.invalid | Subject: Payment Confirmed — You joined ZZ eqfreeze1788783066 | SMTP Error: SMTP Error: data not accepted.SMTP server error: DATA END command failed Detail: Ratelimit "hostinger_out_ratelimit" exceeded for key "RLf7haupisippcg6m4d8w4jsfj"
 SMTP code: 451 Additional SMTP info: 4.7.1

[2026-09-07 14:11:12] To: p.eqfz1788783070@example.test | Subject: Payment Confirmed — You joined Freeze eqfz1788783070 | SMTP Error: SMTP Error: data not accepted.SMTP server error: DATA END command failed Detail: Ratelimit "hostinger_out_ratelimit" exceeded for key "RLf7haupisippcg6m4d8w4jsfj"
 SMTP code: 451 Additional SMTP info: 4.7.1

[2026-09-07 14:11:17] To: gwguard_1788783075@example.test | Subject: Payment Confirmed — You joined GATEWAY GUARD TEST | SMTP Error: SMTP Error: data not accepted.SMTP server error: DATA END command failed Detail: Ratelimit "hostinger_out_ratelimit" exceeded for key "RLf7haupisippcg6m4d8w4jsfj"
 SMTP code: 451 Additional SMTP info: 4.7.1

[2026-09-07 14:11:19] To: gwguard_1788783075@example.test | Subject: Payment Confirmed — You joined GATEWAY GUARD TEST | SMTP Error: SMTP Error: data not accepted.SMTP server error: DATA END command failed Detail: Ratelimit "hostinger_out_ratelimit" exceeded for key "RLf7haupisippcg6m4d8w4jsfj"
 SMTP code: 451 Additional SMTP info: 4.7.1

[2026-09-07 14:11:34] To: waiter.srd1788783092@example.test | Subject: A silent partner seat has opened on SRD Role Disclosure srd1788783092 | SMTP Error: SMTP Error: data not accepted.SMTP server error: DATA END command failed Detail: Ratelimit "hostinger_out_ratelimit" exceeded for key "RLf7haupisippcg6m4d8w4jsfj"
 SMTP code: 451 Additional SMTP info: 4.7.1

[2026-09-07 14:11:36] To: waiter.srd1788783092@example.test | Subject: An active partner seat has opened on SRD Role Disclosure srd1788783092 | SMTP Error: SMTP Error: data not accepted.SMTP server error: DATA END command failed Detail: Ratelimit "hostinger_out_ratelimit" exceeded for key "RLf7haupisippcg6m4d8w4jsfj"
 SMTP code: 451 Additional SMTP info: 4.7.1

[2026-09-07 14:11:38] To: waiter.srd1788783092@example.test | Subject: A silent partner seat has opened on SRD Role Disclosure srd1788783092 | SMTP Error: SMTP Error: data not accepted.SMTP server error: DATA END command failed Detail: Ratelimit "hostinger_out_ratelimit" exceeded for key "RLf7haupisippcg6m4d8w4jsfj"
 SMTP code: 451 Additional SMTP info: 4.7.1

[2026-09-07 14:11:40] To: waiter.srd1788783092@example.test | Subject: An active partner seat has opened on SRD Role Disclosure srd1788783092 | SMTP Error: SMTP Error: data not accepted.SMTP server error: DATA END command failed Detail: Ratelimit "hostinger_out_ratelimit" exceeded for key "RLf7haupisippcg6m4d8w4jsfj"
 SMTP code: 451 Additional SMTP info: 4.7.1

[2026-09-07 14:11:42] To: wl.alice.6a9ea9fc4aaad@wl.invalid | Subject: A silent partner seat has opened on WL Test Asset | SMTP Error: SMTP Error: data not accepted.SMTP server error: DATA END command failed Detail: Ratelimit "hostinger_out_ratelimit" exceeded for key "RLf7haupisippcg6m4d8w4jsfj"
 SMTP code: 451 Additional SMTP info: 4.7.1

[2026-09-07 14:11:43] To: wl.bob.6a9ea9fc4ac7f@wl.invalid | Subject: A silent partner seat has opened on WL Test Asset | SMTP Error: SMTP Error: data not accepted.SMTP server error: DATA END command failed Detail: Ratelimit "hostinger_out_ratelimit" exceeded for key "RLf7haupisippcg6m4d8w4jsfj"
 SMTP code: 451 Additional SMTP info: 4.7.1

[2026-09-07 14:11:45] To: wl.bob.6a9ea9fc4ac7f@wl.invalid | Subject: Payment Confirmed — You joined WL Test Asset | SMTP Error: SMTP Error: data not accepted.SMTP server error: DATA END command failed Detail: Ratelimit "hostinger_out_ratelimit" exceeded for key "RLf7haupisippcg6m4d8w4jsfj"
 SMTP code: 451 Additional SMTP info: 4.7.1

[2026-09-07 14:11:48] To: a.wlhttp1788783106@example.test | Subject: A silent partner seat has opened on WLH Test Asset | SMTP Error: SMTP Error: data not accepted.SMTP server error: DATA END command failed Detail: Ratelimit "hostinger_out_ratelimit" exceeded for key "RLf7haupisippcg6m4d8w4jsfj"
 SMTP code: 451 Additional SMTP info: 4.7.1

[2026-09-07 14:11:50] To: b.wlhttp1788783106@example.test | Subject: A silent partner seat has opened on WLH Test Asset | SMTP Error: SMTP Error: data not accepted.SMTP server error: DATA END command failed Detail: Ratelimit "hostinger_out_ratelimit" exceeded for key "RLf7haupisippcg6m4d8w4jsfj"
 SMTP code: 451 Additional SMTP info: 4.7.1

[2026-09-07 14:11:52] To: a.wlhttp1788783106@example.test | Subject: Payment Confirmed — You joined WLH Test Asset | SMTP Error: SMTP Error: data not accepted.SMTP server error: DATA END command failed Detail: Ratelimit "hostinger_out_ratelimit" exceeded for key "RLf7haupisippcg6m4d8w4jsfj"
 SMTP code: 451 Additional SMTP info: 4.7.1

[2026-09-08 08:12:42] To: clara.ass1788847945@example.test | Subject: An active partner seat has opened on ASS Seat Selection ass1788847945 | SMTP Error: SMTP Error: data not accepted.SMTP server error: DATA END command failed Detail: Ratelimit "hostinger_out_ratelimit" exceeded for key "RLf7haupisippcg6m4d8w4jsfj"
 SMTP code: 451 Additional SMTP info: 4.7.1

[2026-09-08 08:12:44] To: anna.ass1788847945@example.test | Subject: An active partner seat has opened on ASS Seat Selection ass1788847945 | SMTP Error: SMTP Error: data not accepted.SMTP server error: DATA END command failed Detail: Ratelimit "hostinger_out_ratelimit" exceeded for key "RLf7haupisippcg6m4d8w4jsfj"
 SMTP code: 451 Additional SMTP info: 4.7.1

[2026-09-08 08:12:46] To: ben.ass1788847945@example.test | Subject: An active partner seat has opened on ASS Seat Selection ass1788847945 | SMTP Error: SMTP Error: data not accepted.SMTP server error: DATA END command failed Detail: Ratelimit "hostinger_out_ratelimit" exceeded for key "RLf7haupisippcg6m4d8w4jsfj"
 SMTP code: 451 Additional SMTP info: 4.7.1

[2026-09-08 08:12:47] To: clara.ass1788847945@example.test | Subject: An active partner seat has opened on ASS Seat Selection ass1788847945 | SMTP Error: SMTP Error: data not accepted.SMTP server error: DATA END command failed Detail: Ratelimit "hostinger_out_ratelimit" exceeded for key "RLf7haupisippcg6m4d8w4jsfj"
 SMTP code: 451 Additional SMTP info: 4.7.1

[2026-09-08 08:12:49] To: anna.ass1788847945@example.test | Subject: A silent partner seat has opened on ASS Seat Selection ass1788847945 | SMTP Error: SMTP Error: data not accepted.SMTP server error: DATA END command failed Detail: Ratelimit "hostinger_out_ratelimit" exceeded for key "RLf7haupisippcg6m4d8w4jsfj"
 SMTP code: 451 Additional SMTP info: 4.7.1

[2026-09-08 08:12:51] To: ben.ass1788847945@example.test | Subject: A silent partner seat has opened on ASS Seat Selection ass1788847945 | SMTP Error: SMTP Error: data not accepted.SMTP server error: DATA END command failed Detail: Ratelimit "hostinger_out_ratelimit" exceeded for key "RLf7haupisippcg6m4d8w4jsfj"
 SMTP code: 451 Additional SMTP info: 4.7.1

[2026-09-08 08:12:53] To: clara.ass1788847945@example.test | Subject: A silent partner seat has opened on ASS Seat Selection ass1788847945 | SMTP Error: SMTP Error: data not accepted.SMTP server error: DATA END command failed Detail: Ratelimit "hostinger_out_ratelimit" exceeded for key "RLf7haupisippcg6m4d8w4jsfj"
 SMTP code: 451 Additional SMTP info: 4.7.1

[2026-09-08 08:12:56] To: anna.ash1788847973@example.test | Subject: An active partner seat has opened on ASH Seat ash1788847973 | SMTP Error: SMTP Error: data not accepted.SMTP server error: DATA END command failed Detail: Ratelimit "hostinger_out_ratelimit" exceeded for key "RLf7haupisippcg6m4d8w4jsfj"
 SMTP code: 451 Additional SMTP info: 4.7.1

[2026-09-08 08:12:57] To: ben.ash1788847973@example.test | Subject: An active partner seat has opened on ASH Seat ash1788847973 | SMTP Error: SMTP Error: data not accepted.SMTP server error: DATA END command failed Detail: Ratelimit "hostinger_out_ratelimit" exceeded for key "RLf7haupisippcg6m4d8w4jsfj"
 SMTP code: 451 Additional SMTP info: 4.7.1

[2026-09-08 08:13:00] To: anna.ash1788847973@example.test | Subject: A silent partner seat has opened on ASH Seat ash1788847973 | SMTP Error: SMTP Error: data not accepted.SMTP server error: DATA END command failed Detail: Ratelimit "hostinger_out_ratelimit" exceeded for key "RLf7haupisippcg6m4d8w4jsfj"
 SMTP code: 451 Additional SMTP info: 4.7.1

[2026-09-08 08:13:02] To: ben.ash1788847973@example.test | Subject: A silent partner seat has opened on ASH Seat ash1788847973 | SMTP Error: SMTP Error: data not accepted.SMTP server error: DATA END command failed Detail: Ratelimit "hostinger_out_ratelimit" exceeded for key "RLf7haupisippcg6m4d8w4jsfj"
 SMTP code: 451 Additional SMTP info: 4.7.1

[2026-09-08 09:46:13] To: waiter.srd1788853571@example.test | Subject: A silent partner seat has opened on SRD Role Disclosure srd1788853571 | SMTP Error: SMTP Error: data not accepted.SMTP server error: DATA END command failed Detail: Ratelimit "hostinger_out_ratelimit" exceeded for key "RLf7haupisippcg6m4d8w4jsfj"
 SMTP code: 451 Additional SMTP info: 4.7.1

[2026-09-08 09:46:16] To: waiter.srd1788853571@example.test | Subject: An active partner seat has opened on SRD Role Disclosure srd1788853571 | SMTP Error: SMTP Error: data not accepted.SMTP server error: DATA END command failed Detail: Ratelimit "hostinger_out_ratelimit" exceeded for key "RLf7haupisippcg6m4d8w4jsfj"
 SMTP code: 451 Additional SMTP info: 4.7.1

[2026-09-08 09:46:18] To: waiter.srd1788853571@example.test | Subject: A silent partner seat has opened on SRD Role Disclosure srd1788853571 | SMTP Error: SMTP Error: data not accepted.SMTP server error: DATA END command failed Detail: Ratelimit "hostinger_out_ratelimit" exceeded for key "RLf7haupisippcg6m4d8w4jsfj"
 SMTP code: 451 Additional SMTP info: 4.7.1

[2026-09-08 09:46:19] To: waiter.srd1788853571@example.test | Subject: An active partner seat has opened on SRD Role Disclosure srd1788853571 | SMTP Error: SMTP Error: data not accepted.SMTP server error: DATA END command failed Detail: Ratelimit "hostinger_out_ratelimit" exceeded for key "RLf7haupisippcg6m4d8w4jsfj"
 SMTP code: 451 Additional SMTP info: 4.7.1

[2026-09-08 09:46:21] To: anna.ass1788853580@example.test | Subject: A silent partner seat has opened on ASS Seat Selection ass1788853580 | SMTP Error: SMTP Error: data not accepted.SMTP server error: DATA END command failed Detail: Ratelimit "hostinger_out_ratelimit" exceeded for key "RLf7haupisippcg6m4d8w4jsfj"
 SMTP code: 451 Additional SMTP info: 4.7.1

[2026-09-08 09:46:23] To: ben.ass1788853580@example.test | Subject: A silent partner seat has opened on ASS Seat Selection ass1788853580 | SMTP Error: SMTP Error: data not accepted.SMTP server error: DATA END command failed Detail: Ratelimit "hostinger_out_ratelimit" exceeded for key "RLf7haupisippcg6m4d8w4jsfj"
 SMTP code: 451 Additional SMTP info: 4.7.1

[2026-09-08 09:46:25] To: clara.ass1788853580@example.test | Subject: A silent partner seat has opened on ASS Seat Selection ass1788853580 | SMTP Error: SMTP Error: data not accepted.SMTP server error: DATA END command failed Detail: Ratelimit "hostinger_out_ratelimit" exceeded for key "RLf7haupisippcg6m4d8w4jsfj"
 SMTP code: 451 Additional SMTP info: 4.7.1

[2026-09-08 09:46:27] To: anna.ass1788853580@example.test | Subject: An active partner seat has opened on ASS Seat Selection ass1788853580 | SMTP Error: SMTP Error: data not accepted.SMTP server error: DATA END command failed Detail: Ratelimit "hostinger_out_ratelimit" exceeded for key "RLf7haupisippcg6m4d8w4jsfj"
 SMTP code: 451 Additional SMTP info: 4.7.1

[2026-09-08 09:46:29] To: ben.ass1788853580@example.test | Subject: An active partner seat has opened on ASS Seat Selection ass1788853580 | SMTP Error: SMTP Error: data not accepted.SMTP server error: DATA END command failed Detail: Ratelimit "hostinger_out_ratelimit" exceeded for key "RLf7haupisippcg6m4d8w4jsfj"
 SMTP code: 451 Additional SMTP info: 4.7.1

[2026-09-08 09:46:31] To: clara.ass1788853580@example.test | Subject: An active partner seat has opened on ASS Seat Selection ass1788853580 | SMTP Error: SMTP Error: data not accepted.SMTP server error: DATA END command failed Detail: Ratelimit "hostinger_out_ratelimit" exceeded for key "RLf7haupisippcg6m4d8w4jsfj"
 SMTP code: 451 Additional SMTP info: 4.7.1

[2026-09-08 09:46:33] To: anna.ass1788853580@example.test | Subject: An active partner seat has opened on ASS Seat Selection ass1788853580 | SMTP Error: SMTP Error: data not accepted.SMTP server error: DATA END command failed Detail: Ratelimit "hostinger_out_ratelimit" exceeded for key "RLf7haupisippcg6m4d8w4jsfj"
 SMTP code: 451 Additional SMTP info: 4.7.1

[2026-09-08 09:46:35] To: ben.ass1788853580@example.test | Subject: An active partner seat has opened on ASS Seat Selection ass1788853580 | SMTP Error: SMTP Error: data not accepted.SMTP server error: DATA END command failed Detail: Ratelimit "hostinger_out_ratelimit" exceeded for key "RLf7haupisippcg6m4d8w4jsfj"
 SMTP code: 451 Additional SMTP info: 4.7.1

[2026-09-08 09:46:38] To: clara.ass1788853580@example.test | Subject: An active partner seat has opened on ASS Seat Selection ass1788853580 | SMTP Error: SMTP Error: data not accepted.SMTP server error: DATA END command failed Detail: Ratelimit "hostinger_out_ratelimit" exceeded for key "RLf7haupisippcg6m4d8w4jsfj"
 SMTP code: 451 Additional SMTP info: 4.7.1

[2026-09-08 09:46:40] To: anna.ass1788853580@example.test | Subject: An active partner seat has opened on ASS Seat Selection ass1788853580 | SMTP Error: SMTP Error: data not accepted.SMTP server error: DATA END command failed Detail: Ratelimit "hostinger_out_ratelimit" exceeded for key "RLf7haupisippcg6m4d8w4jsfj"
 SMTP code: 451 Additional SMTP info: 4.7.1

[2026-09-08 09:46:42] To: ben.ass1788853580@example.test | Subject: An active partner seat has opened on ASS Seat Selection ass1788853580 | SMTP Error: SMTP Error: data not accepted.SMTP server error: DATA END command failed Detail: Ratelimit "hostinger_out_ratelimit" exceeded for key "RLf7haupisippcg6m4d8w4jsfj"
 SMTP code: 451 Additional SMTP info: 4.7.1

[2026-09-08 09:46:44] To: clara.ass1788853580@example.test | Subject: An active partner seat has opened on ASS Seat Selection ass1788853580 | SMTP Error: SMTP Error: data not accepted.SMTP server error: DATA END command failed Detail: Ratelimit "hostinger_out_ratelimit" exceeded for key "RLf7haupisippcg6m4d8w4jsfj"
 SMTP code: 451 Additional SMTP info: 4.7.1

[2026-09-08 09:46:46] To: anna.ass1788853580@example.test | Subject: A silent partner seat has opened on ASS Seat Selection ass1788853580 | SMTP Error: SMTP Error: data not accepted.SMTP server error: DATA END command failed Detail: Ratelimit "hostinger_out_ratelimit" exceeded for key "RLf7haupisippcg6m4d8w4jsfj"
 SMTP code: 451 Additional SMTP info: 4.7.1

[2026-09-08 09:46:48] To: ben.ass1788853580@example.test | Subject: A silent partner seat has opened on ASS Seat Selection ass1788853580 | SMTP Error: SMTP Error: data not accepted.SMTP server error: DATA END command failed Detail: Ratelimit "hostinger_out_ratelimit" exceeded for key "RLf7haupisippcg6m4d8w4jsfj"
 SMTP code: 451 Additional SMTP info: 4.7.1

[2026-09-08 09:46:49] To: clara.ass1788853580@example.test | Subject: A silent partner seat has opened on ASS Seat Selection ass1788853580 | SMTP Error: SMTP Error: data not accepted.SMTP server error: DATA END command failed Detail: Ratelimit "hostinger_out_ratelimit" exceeded for key "RLf7haupisippcg6m4d8w4jsfj"
 SMTP code: 451 Additional SMTP info: 4.7.1

[2026-09-08 09:46:52] To: anna.ash1788853610@example.test | Subject: An active partner seat has opened on ASH Seat ash1788853610 | SMTP Error: SMTP Error: data not accepted.SMTP server error: DATA END command failed Detail: Ratelimit "hostinger_out_ratelimit" exceeded for key "RLf7haupisippcg6m4d8w4jsfj"
 SMTP code: 451 Additional SMTP info: 4.7.1

[2026-09-08 09:46:54] To: ben.ash1788853610@example.test | Subject: An active partner seat has opened on ASH Seat ash1788853610 | SMTP Error: SMTP Error: data not accepted.SMTP server error: DATA END command failed Detail: Ratelimit "hostinger_out_ratelimit" exceeded for key "RLf7haupisippcg6m4d8w4jsfj"
 SMTP code: 451 Additional SMTP info: 4.7.1

[2026-09-08 09:46:56] To: anna.ash1788853610@example.test | Subject: A silent partner seat has opened on ASH Seat ash1788853610 | SMTP Error: SMTP Error: data not accepted.SMTP server error: DATA END command failed Detail: Ratelimit "hostinger_out_ratelimit" exceeded for key "RLf7haupisippcg6m4d8w4jsfj"
 SMTP code: 451 Additional SMTP info: 4.7.1

[2026-09-08 09:46:58] To: ben.ash1788853610@example.test | Subject: A silent partner seat has opened on ASH Seat ash1788853610 | SMTP Error: SMTP Error: data not accepted.SMTP server error: DATA END command failed Detail: Ratelimit "hostinger_out_ratelimit" exceeded for key "RLf7haupisippcg6m4d8w4jsfj"
 SMTP code: 451 Additional SMTP info: 4.7.1

[2026-09-08 09:47:36] To: reusetest_1788853654@example.test | Subject: Verify your Ventures Harbor account | SMTP Error: SMTP Error: data not accepted.SMTP server error: DATA END command failed Detail: Ratelimit "hostinger_out_ratelimit" exceeded for key "RLf7haupisippcg6m4d8w4jsfj"
 SMTP code: 451 Additional SMTP info: 4.7.1

[2026-09-08 09:47:38] To: reusetest_1788853654@example.test | Subject: Verify your Ventures Harbor account | SMTP Error: SMTP Error: data not accepted.SMTP server error: DATA END command failed Detail: Ratelimit "hostinger_out_ratelimit" exceeded for key "RLf7haupisippcg6m4d8w4jsfj"
 SMTP code: 451 Additional SMTP info: 4.7.1

[2026-09-08 09:47:40] To: reusetest_1788853654@example.test | Subject: Verify your Ventures Harbor account | SMTP Error: SMTP Error: data not accepted.SMTP server error: DATA END command failed Detail: Ratelimit "hostinger_out_ratelimit" exceeded for key "RLf7haupisippcg6m4d8w4jsfj"
 SMTP code: 451 Additional SMTP info: 4.7.1

[2026-09-08 09:47:44] To: anna.ash1788853662@example.test | Subject: An active partner seat has opened on ASH Seat ash1788853662 | SMTP Error: SMTP Error: data not accepted.SMTP server error: DATA END command failed Detail: Ratelimit "hostinger_out_ratelimit" exceeded for key "RLf7haupisippcg6m4d8w4jsfj"
 SMTP code: 451 Additional SMTP info: 4.7.1

[2026-09-08 09:47:46] To: ben.ash1788853662@example.test | Subject: An active partner seat has opened on ASH Seat ash1788853662 | SMTP Error: SMTP Error: data not accepted.SMTP server error: DATA END command failed Detail: Ratelimit "hostinger_out_ratelimit" exceeded for key "RLf7haupisippcg6m4d8w4jsfj"
 SMTP code: 451 Additional SMTP info: 4.7.1

[2026-09-08 09:47:49] To: anna.ash1788853662@example.test | Subject: A silent partner seat has opened on ASH Seat ash1788853662 | SMTP Error: SMTP Error: data not accepted.SMTP server error: DATA END command failed Detail: Ratelimit "hostinger_out_ratelimit" exceeded for key "RLf7haupisippcg6m4d8w4jsfj"
 SMTP code: 451 Additional SMTP info: 4.7.1

[2026-09-08 09:47:51] To: ben.ash1788853662@example.test | Subject: A silent partner seat has opened on ASH Seat ash1788853662 | SMTP Error: SMTP Error: data not accepted.SMTP server error: DATA END command failed Detail: Ratelimit "hostinger_out_ratelimit" exceeded for key "RLf7haupisippcg6m4d8w4jsfj"
 SMTP code: 451 Additional SMTP info: 4.7.1

[2026-09-08 09:47:53] To: anna.ass1788853671@example.test | Subject: A silent partner seat has opened on ASS Seat Selection ass1788853671 | SMTP Error: SMTP Error: data not accepted.SMTP server error: DATA END command failed Detail: Ratelimit "hostinger_out_ratelimit" exceeded for key "RLf7haupisippcg6m4d8w4jsfj"
 SMTP code: 451 Additional SMTP info: 4.7.1

[2026-09-08 09:47:55] To: ben.ass1788853671@example.test | Subject: A silent partner seat has opened on ASS Seat Selection ass1788853671 | SMTP Error: SMTP Error: data not accepted.SMTP server error: DATA END command failed Detail: Ratelimit "hostinger_out_ratelimit" exceeded for key "RLf7haupisippcg6m4d8w4jsfj"
 SMTP code: 451 Additional SMTP info: 4.7.1

[2026-09-08 09:47:57] To: clara.ass1788853671@example.test | Subject: A silent partner seat has opened on ASS Seat Selection ass1788853671 | SMTP Error: SMTP Error: data not accepted.SMTP server error: DATA END command failed Detail: Ratelimit "hostinger_out_ratelimit" exceeded for key "RLf7haupisippcg6m4d8w4jsfj"
 SMTP code: 451 Additional SMTP info: 4.7.1

[2026-09-08 09:47:59] To: anna.ass1788853671@example.test | Subject: An active partner seat has opened on ASS Seat Selection ass1788853671 | SMTP Error: SMTP Error: data not accepted.SMTP server error: DATA END command failed Detail: Ratelimit "hostinger_out_ratelimit" exceeded for key "RLf7haupisippcg6m4d8w4jsfj"
 SMTP code: 451 Additional SMTP info: 4.7.1

[2026-09-08 09:48:01] To: ben.ass1788853671@example.test | Subject: An active partner seat has opened on ASS Seat Selection ass1788853671 | SMTP Error: SMTP Error: data not accepted.SMTP server error: DATA END command failed Detail: Ratelimit "hostinger_out_ratelimit" exceeded for key "RLf7haupisippcg6m4d8w4jsfj"
 SMTP code: 451 Additional SMTP info: 4.7.1

[2026-09-08 09:48:02] To: clara.ass1788853671@example.test | Subject: An active partner seat has opened on ASS Seat Selection ass1788853671 | SMTP Error: SMTP Error: data not accepted.SMTP server error: DATA END command failed Detail: Ratelimit "hostinger_out_ratelimit" exceeded for key "RLf7haupisippcg6m4d8w4jsfj"
 SMTP code: 451 Additional SMTP info: 4.7.1

[2026-09-08 09:48:04] To: anna.ass1788853671@example.test | Subject: An active partner seat has opened on ASS Seat Selection ass1788853671 | SMTP Error: SMTP Error: data not accepted.SMTP server error: DATA END command failed Detail: Ratelimit "hostinger_out_ratelimit" exceeded for key "RLf7haupisippcg6m4d8w4jsfj"
 SMTP code: 451 Additional SMTP info: 4.7.1

[2026-09-08 09:48:06] To: ben.ass1788853671@example.test | Subject: An active partner seat has opened on ASS Seat Selection ass1788853671 | SMTP Error: SMTP Error: data not accepted.SMTP server error: DATA END command failed Detail: Ratelimit "hostinger_out_ratelimit" exceeded for key "RLf7haupisippcg6m4d8w4jsfj"
 SMTP code: 451 Additional SMTP info: 4.7.1

[2026-09-08 09:48:08] To: clara.ass1788853671@example.test | Subject: An active partner seat has opened on ASS Seat Selection ass1788853671 | SMTP Error: SMTP Error: data not accepted.SMTP server error: DATA END command failed Detail: Ratelimit "hostinger_out_ratelimit" exceeded for key "RLf7haupisippcg6m4d8w4jsfj"
 SMTP code: 451 Additional SMTP info: 4.7.1

[2026-09-08 09:48:10] To: anna.ass1788853671@example.test | Subject: An active partner seat has opened on ASS Seat Selection ass1788853671 | SMTP Error: SMTP Error: data not accepted.SMTP server error: DATA END command failed Detail: Ratelimit "hostinger_out_ratelimit" exceeded for key "RLf7haupisippcg6m4d8w4jsfj"
 SMTP code: 451 Additional SMTP info: 4.7.1

[2026-09-08 09:48:12] To: ben.ass1788853671@example.test | Subject: An active partner seat has opened on ASS Seat Selection ass1788853671 | SMTP Error: SMTP Error: data not accepted.SMTP server error: DATA END command failed Detail: Ratelimit "hostinger_out_ratelimit" exceeded for key "RLf7haupisippcg6m4d8w4jsfj"
 SMTP code: 451 Additional SMTP info: 4.7.1

[2026-09-08 09:48:14] To: clara.ass1788853671@example.test | Subject: An active partner seat has opened on ASS Seat Selection ass1788853671 | SMTP Error: SMTP Error: data not accepted.SMTP server error: DATA END command failed Detail: Ratelimit "hostinger_out_ratelimit" exceeded for key "RLf7haupisippcg6m4d8w4jsfj"
 SMTP code: 451 Additional SMTP info: 4.7.1

[2026-09-08 09:48:16] To: anna.ass1788853671@example.test | Subject: A silent partner seat has opened on ASS Seat Selection ass1788853671 | SMTP Error: SMTP Error: data not accepted.SMTP server error: DATA END command failed Detail: Ratelimit "hostinger_out_ratelimit" exceeded for key "RLf7haupisippcg6m4d8w4jsfj"
 SMTP code: 451 Additional SMTP info: 4.7.1

[2026-09-08 09:48:18] To: ben.ass1788853671@example.test | Subject: A silent partner seat has opened on ASS Seat Selection ass1788853671 | SMTP Error: SMTP Error: data not accepted.SMTP server error: DATA END command failed Detail: Ratelimit "hostinger_out_ratelimit" exceeded for key "RLf7haupisippcg6m4d8w4jsfj"
 SMTP code: 451 Additional SMTP info: 4.7.1

[2026-09-08 09:48:20] To: clara.ass1788853671@example.test | Subject: A silent partner seat has opened on ASS Seat Selection ass1788853671 | SMTP Error: SMTP Error: data not accepted.SMTP server error: DATA END command failed Detail: Ratelimit "hostinger_out_ratelimit" exceeded for key "RLf7haupisippcg6m4d8w4jsfj"
 SMTP code: 451 Additional SMTP info: 4.7.1

[2026-09-08 09:48:26] To: eqfreeze1788853704.partner@test.invalid | Subject: Payment Confirmed — You joined ZZ eqfreeze1788853704 | SMTP Error: SMTP Error: data not accepted.SMTP server error: DATA END command failed Detail: Ratelimit "hostinger_out_ratelimit" exceeded for key "RLf7haupisippcg6m4d8w4jsfj"
 SMTP code: 451 Additional SMTP info: 4.7.1

[2026-09-08 09:48:28] To: eqfreeze1788853704.later@test.invalid | Subject: Payment Confirmed — You joined ZZ eqfreeze1788853704 | SMTP Error: SMTP Error: data not accepted.SMTP server error: DATA END command failed Detail: Ratelimit "hostinger_out_ratelimit" exceeded for key "RLf7haupisippcg6m4d8w4jsfj"
 SMTP code: 451 Additional SMTP info: 4.7.1

[2026-09-08 09:48:31] To: p.eqfz1788853708@example.test | Subject: Payment Confirmed — You joined Freeze eqfz1788853708 | SMTP Error: SMTP Error: data not accepted.SMTP server error: DATA END command failed Detail: Ratelimit "hostinger_out_ratelimit" exceeded for key "RLf7haupisippcg6m4d8w4jsfj"
 SMTP code: 451 Additional SMTP info: 4.7.1

[2026-09-08 09:48:37] To: gwguard_1788853715@example.test | Subject: Payment Confirmed — You joined GATEWAY GUARD TEST | SMTP Error: SMTP Error: data not accepted.SMTP server error: DATA END command failed Detail: Ratelimit "hostinger_out_ratelimit" exceeded for key "RLf7haupisippcg6m4d8w4jsfj"
 SMTP code: 451 Additional SMTP info: 4.7.1

[2026-09-08 09:48:39] To: gwguard_1788853715@example.test | Subject: Payment Confirmed — You joined GATEWAY GUARD TEST | SMTP Error: SMTP Error: data not accepted.SMTP server error: DATA END command failed Detail: Ratelimit "hostinger_out_ratelimit" exceeded for key "RLf7haupisippcg6m4d8w4jsfj"
 SMTP code: 451 Additional SMTP info: 4.7.1

[2026-09-08 09:48:58] To: waiter.srd1788853736@example.test | Subject: A silent partner seat has opened on SRD Role Disclosure srd1788853736 | SMTP Error: SMTP Error: data not accepted.SMTP server error: DATA END command failed Detail: Ratelimit "hostinger_out_ratelimit" exceeded for key "RLf7haupisippcg6m4d8w4jsfj"
 SMTP code: 451 Additional SMTP info: 4.7.1

[2026-09-08 09:49:00] To: waiter.srd1788853736@example.test | Subject: An active partner seat has opened on SRD Role Disclosure srd1788853736 | SMTP Error: SMTP Error: data not accepted.SMTP server error: DATA END command failed Detail: Ratelimit "hostinger_out_ratelimit" exceeded for key "RLf7haupisippcg6m4d8w4jsfj"
 SMTP code: 451 Additional SMTP info: 4.7.1

[2026-09-08 09:49:01] To: waiter.srd1788853736@example.test | Subject: A silent partner seat has opened on SRD Role Disclosure srd1788853736 | SMTP Error: SMTP Error: data not accepted.SMTP server error: DATA END command failed Detail: Ratelimit "hostinger_out_ratelimit" exceeded for key "RLf7haupisippcg6m4d8w4jsfj"
 SMTP code: 451 Additional SMTP info: 4.7.1

[2026-09-08 09:49:03] To: waiter.srd1788853736@example.test | Subject: An active partner seat has opened on SRD Role Disclosure srd1788853736 | SMTP Error: SMTP Error: data not accepted.SMTP server error: DATA END command failed Detail: Ratelimit "hostinger_out_ratelimit" exceeded for key "RLf7haupisippcg6m4d8w4jsfj"
 SMTP code: 451 Additional SMTP info: 4.7.1

[2026-09-08 09:49:05] To: wl.alice.6a9fbdf009719@wl.invalid | Subject: A silent partner seat has opened on WL Test Asset | SMTP Error: SMTP Error: data not accepted.SMTP server error: DATA END command failed Detail: Ratelimit "hostinger_out_ratelimit" exceeded for key "RLf7haupisippcg6m4d8w4jsfj"
 SMTP code: 451 Additional SMTP info: 4.7.1

[2026-09-08 09:49:07] To: wl.bob.6a9fbdf009a47@wl.invalid | Subject: A silent partner seat has opened on WL Test Asset | SMTP Error: SMTP Error: data not accepted.SMTP server error: DATA END command failed Detail: Ratelimit "hostinger_out_ratelimit" exceeded for key "RLf7haupisippcg6m4d8w4jsfj"
 SMTP code: 451 Additional SMTP info: 4.7.1

[2026-09-08 09:49:09] To: wl.bob.6a9fbdf009a47@wl.invalid | Subject: Payment Confirmed — You joined WL Test Asset | SMTP Error: SMTP Error: data not accepted.SMTP server error: DATA END command failed Detail: Ratelimit "hostinger_out_ratelimit" exceeded for key "RLf7haupisippcg6m4d8w4jsfj"
 SMTP code: 451 Additional SMTP info: 4.7.1

[2026-09-08 09:49:12] To: a.wlhttp1788853750@example.test | Subject: A silent partner seat has opened on WLH Test Asset | SMTP Error: SMTP Error: data not accepted.SMTP server error: DATA END command failed Detail: Ratelimit "hostinger_out_ratelimit" exceeded for key "RLf7haupisippcg6m4d8w4jsfj"
 SMTP code: 451 Additional SMTP info: 4.7.1

[2026-09-08 09:49:14] To: b.wlhttp1788853750@example.test | Subject: A silent partner seat has opened on WLH Test Asset | SMTP Error: SMTP Error: data not accepted.SMTP server error: DATA END command failed Detail: Ratelimit "hostinger_out_ratelimit" exceeded for key "RLf7haupisippcg6m4d8w4jsfj"
 SMTP code: 451 Additional SMTP info: 4.7.1

[2026-09-08 09:49:16] To: a.wlhttp1788853750@example.test | Subject: Payment Confirmed — You joined WLH Test Asset | SMTP Error: SMTP Error: data not accepted.SMTP server error: DATA END command failed Detail: Ratelimit "hostinger_out_ratelimit" exceeded for key "RLf7haupisippcg6m4d8w4jsfj"
 SMTP code: 451 Additional SMTP info: 4.7.1

[2026-09-08 13:10:10] To: ben.ass1788865799@example.test | Subject: An active partner seat has opened on ASS Seat Selection ass1788865799 | SMTP Error: SMTP Error: data not accepted.SMTP server error: DATA END command failed Detail: Ratelimit "hostinger_out_ratelimit" exceeded for key "RLf7haupisippcg6m4d8w4jsfj"
 SMTP code: 451 Additional SMTP info: 4.7.1

[2026-09-08 13:10:12] To: clara.ass1788865799@example.test | Subject: An active partner seat has opened on ASS Seat Selection ass1788865799 | SMTP Error: SMTP Error: data not accepted.SMTP server error: DATA END command failed Detail: Ratelimit "hostinger_out_ratelimit" exceeded for key "RLf7haupisippcg6m4d8w4jsfj"
 SMTP code: 451 Additional SMTP info: 4.7.1

[2026-09-08 13:10:13] To: anna.ass1788865799@example.test | Subject: An active partner seat has opened on ASS Seat Selection ass1788865799 | SMTP Error: SMTP Error: data not accepted.SMTP server error: DATA END command failed Detail: Ratelimit "hostinger_out_ratelimit" exceeded for key "RLf7haupisippcg6m4d8w4jsfj"
 SMTP code: 451 Additional SMTP info: 4.7.1

[2026-09-08 13:10:15] To: ben.ass1788865799@example.test | Subject: An active partner seat has opened on ASS Seat Selection ass1788865799 | SMTP Error: SMTP Error: data not accepted.SMTP server error: DATA END command failed Detail: Ratelimit "hostinger_out_ratelimit" exceeded for key "RLf7haupisippcg6m4d8w4jsfj"
 SMTP code: 451 Additional SMTP info: 4.7.1

[2026-09-08 13:10:19] To: anna.ass1788865799@example.test | Subject: An active partner seat has opened on ASS Seat Selection ass1788865799 | SMTP Error: SMTP Error: data not accepted.SMTP server error: DATA END command failed Detail: Ratelimit "hostinger_out_ratelimit" exceeded for key "RLf7haupisippcg6m4d8w4jsfj"
 SMTP code: 451 Additional SMTP info: 4.7.1

[2026-09-08 13:10:21] To: ben.ass1788865799@example.test | Subject: An active partner seat has opened on ASS Seat Selection ass1788865799 | SMTP Error: SMTP Error: data not accepted.SMTP server error: DATA END command failed Detail: Ratelimit "hostinger_out_ratelimit" exceeded for key "RLf7haupisippcg6m4d8w4jsfj"
 SMTP code: 451 Additional SMTP info: 4.7.1

[2026-09-08 13:10:23] To: clara.ass1788865799@example.test | Subject: An active partner seat has opened on ASS Seat Selection ass1788865799 | SMTP Error: SMTP Error: data not accepted.SMTP server error: DATA END command failed Detail: Ratelimit "hostinger_out_ratelimit" exceeded for key "RLf7haupisippcg6m4d8w4jsfj"
 SMTP code: 451 Additional SMTP info: 4.7.1

[2026-09-08 13:10:25] To: anna.ass1788865799@example.test | Subject: A silent partner seat has opened on ASS Seat Selection ass1788865799 | SMTP Error: SMTP Error: data not accepted.SMTP server error: DATA END command failed Detail: Ratelimit "hostinger_out_ratelimit" exceeded for key "RLf7haupisippcg6m4d8w4jsfj"
 SMTP code: 451 Additional SMTP info: 4.7.1

[2026-09-08 13:10:27] To: ben.ass1788865799@example.test | Subject: A silent partner seat has opened on ASS Seat Selection ass1788865799 | SMTP Error: SMTP Error: data not accepted.SMTP server error: DATA END command failed Detail: Ratelimit "hostinger_out_ratelimit" exceeded for key "RLf7haupisippcg6m4d8w4jsfj"
 SMTP code: 451 Additional SMTP info: 4.7.1

[2026-09-08 13:10:29] To: clara.ass1788865799@example.test | Subject: A silent partner seat has opened on ASS Seat Selection ass1788865799 | SMTP Error: SMTP Error: data not accepted.SMTP server error: DATA END command failed Detail: Ratelimit "hostinger_out_ratelimit" exceeded for key "RLf7haupisippcg6m4d8w4jsfj"
 SMTP code: 451 Additional SMTP info: 4.7.1

[2026-09-08 13:10:35] To: eqfreeze1788865834.partner@test.invalid | Subject: Payment Confirmed — You joined ZZ eqfreeze1788865834 | SMTP Error: SMTP Error: data not accepted.SMTP server error: DATA END command failed Detail: Ratelimit "hostinger_out_ratelimit" exceeded for key "RLf7haupisippcg6m4d8w4jsfj"
 SMTP code: 451 Additional SMTP info: 4.7.1

[2026-09-08 13:10:37] To: eqfreeze1788865834.later@test.invalid | Subject: Payment Confirmed — You joined ZZ eqfreeze1788865834 | SMTP Error: SMTP Error: data not accepted.SMTP server error: DATA END command failed Detail: Ratelimit "hostinger_out_ratelimit" exceeded for key "RLf7haupisippcg6m4d8w4jsfj"
 SMTP code: 451 Additional SMTP info: 4.7.1

[2026-09-08 13:10:40] To: p.eqfz1788865838@example.test | Subject: Payment Confirmed — You joined Freeze eqfz1788865838 | SMTP Error: SMTP Error: data not accepted.SMTP server error: DATA END command failed Detail: Ratelimit "hostinger_out_ratelimit" exceeded for key "RLf7haupisippcg6m4d8w4jsfj"
 SMTP code: 451 Additional SMTP info: 4.7.1

[2026-09-08 13:10:46] To: gwguard_1788865844@example.test | Subject: Payment Confirmed — You joined GATEWAY GUARD TEST | SMTP Error: SMTP Error: data not accepted.SMTP server error: DATA END command failed Detail: Ratelimit "hostinger_out_ratelimit" exceeded for key "RLf7haupisippcg6m4d8w4jsfj"
 SMTP code: 451 Additional SMTP info: 4.7.1

[2026-09-08 13:10:48] To: gwguard_1788865844@example.test | Subject: Payment Confirmed — You joined GATEWAY GUARD TEST | SMTP Error: SMTP Error: data not accepted.SMTP server error: DATA END command failed Detail: Ratelimit "hostinger_out_ratelimit" exceeded for key "RLf7haupisippcg6m4d8w4jsfj"
 SMTP code: 451 Additional SMTP info: 4.7.1

[2026-09-08 13:11:06] To: waiter.srd1788865865@example.test | Subject: A silent partner seat has opened on SRD Role Disclosure srd1788865865 | SMTP Error: SMTP Error: data not accepted.SMTP server error: DATA END command failed Detail: Ratelimit "hostinger_out_ratelimit" exceeded for key "RLf7haupisippcg6m4d8w4jsfj"
 SMTP code: 451 Additional SMTP info: 4.7.1

[2026-09-08 13:11:08] To: waiter.srd1788865865@example.test | Subject: An active partner seat has opened on SRD Role Disclosure srd1788865865 | SMTP Error: SMTP Error: data not accepted.SMTP server error: DATA END command failed Detail: Ratelimit "hostinger_out_ratelimit" exceeded for key "RLf7haupisippcg6m4d8w4jsfj"
 SMTP code: 451 Additional SMTP info: 4.7.1

[2026-09-08 13:11:10] To: waiter.srd1788865865@example.test | Subject: A silent partner seat has opened on SRD Role Disclosure srd1788865865 | SMTP Error: SMTP Error: data not accepted.SMTP server error: DATA END command failed Detail: Ratelimit "hostinger_out_ratelimit" exceeded for key "RLf7haupisippcg6m4d8w4jsfj"
 SMTP code: 451 Additional SMTP info: 4.7.1

[2026-09-08 13:11:12] To: waiter.srd1788865865@example.test | Subject: An active partner seat has opened on SRD Role Disclosure srd1788865865 | SMTP Error: SMTP Error: data not accepted.SMTP server error: DATA END command failed Detail: Ratelimit "hostinger_out_ratelimit" exceeded for key "RLf7haupisippcg6m4d8w4jsfj"
 SMTP code: 451 Additional SMTP info: 4.7.1

[2026-09-08 13:11:14] To: wl.alice.6a9fed50b70a6@wl.invalid | Subject: A silent partner seat has opened on WL Test Asset | SMTP Error: SMTP Error: data not accepted.SMTP server error: DATA END command failed Detail: Ratelimit "hostinger_out_ratelimit" exceeded for key "RLf7haupisippcg6m4d8w4jsfj"
 SMTP code: 451 Additional SMTP info: 4.7.1

[2026-09-08 13:11:16] To: wl.bob.6a9fed50b73c1@wl.invalid | Subject: A silent partner seat has opened on WL Test Asset | SMTP Error: SMTP Error: data not accepted.SMTP server error: DATA END command failed Detail: Ratelimit "hostinger_out_ratelimit" exceeded for key "RLf7haupisippcg6m4d8w4jsfj"
 SMTP code: 451 Additional SMTP info: 4.7.1

[2026-09-08 13:11:18] To: wl.bob.6a9fed50b73c1@wl.invalid | Subject: Payment Confirmed — You joined WL Test Asset | SMTP Error: SMTP Error: data not accepted.SMTP server error: DATA END command failed Detail: Ratelimit "hostinger_out_ratelimit" exceeded for key "RLf7haupisippcg6m4d8w4jsfj"
 SMTP code: 451 Additional SMTP info: 4.7.1

[2026-09-08 13:11:21] To: a.wlhttp1788865878@example.test | Subject: A silent partner seat has opened on WLH Test Asset | SMTP Error: SMTP Error: data not accepted.SMTP server error: DATA END command failed Detail: Ratelimit "hostinger_out_ratelimit" exceeded for key "RLf7haupisippcg6m4d8w4jsfj"
 SMTP code: 451 Additional SMTP info: 4.7.1

[2026-09-08 13:11:23] To: b.wlhttp1788865878@example.test | Subject: A silent partner seat has opened on WLH Test Asset | SMTP Error: SMTP Error: data not accepted.SMTP server error: DATA END command failed Detail: Ratelimit "hostinger_out_ratelimit" exceeded for key "RLf7haupisippcg6m4d8w4jsfj"
 SMTP code: 451 Additional SMTP info: 4.7.1

[2026-09-08 13:11:25] To: a.wlhttp1788865878@example.test | Subject: Payment Confirmed — You joined WLH Test Asset | SMTP Error: SMTP Error: data not accepted.SMTP server error: DATA END command failed Detail: Ratelimit "hostinger_out_ratelimit" exceeded for key "RLf7haupisippcg6m4d8w4jsfj"
 SMTP code: 451 Additional SMTP info: 4.7.1

[2026-09-08 13:20:29] To: reusetest_1788866425@example.test | Subject: Verify your Ventures Harbor account | SMTP Error: SMTP Error: data not accepted.SMTP server error: DATA END command failed Detail: Ratelimit "hostinger_out_ratelimit" exceeded for key "RLf7haupisippcg6m4d8w4jsfj"
 SMTP code: 451 Additional SMTP info: 4.7.1

[2026-09-08 13:20:31] To: reusetest_1788866425@example.test | Subject: Verify your Ventures Harbor account | SMTP Error: SMTP Error: data not accepted.SMTP server error: DATA END command failed Detail: Ratelimit "hostinger_out_ratelimit" exceeded for key "RLf7haupisippcg6m4d8w4jsfj"
 SMTP code: 451 Additional SMTP info: 4.7.1

[2026-09-08 13:20:36] To: anna.ash1788866433@example.test | Subject: An active partner seat has opened on ASH Seat ash1788866433 | SMTP Error: SMTP Error: data not accepted.SMTP server error: DATA END command failed Detail: Ratelimit "hostinger_out_ratelimit" exceeded for key "RLf7haupisippcg6m4d8w4jsfj"
 SMTP code: 451 Additional SMTP info: 4.7.1

[2026-09-08 13:20:37] To: ben.ash1788866433@example.test | Subject: An active partner seat has opened on ASH Seat ash1788866433 | SMTP Error: SMTP Error: data not accepted.SMTP server error: DATA END command failed Detail: Ratelimit "hostinger_out_ratelimit" exceeded for key "RLf7haupisippcg6m4d8w4jsfj"
 SMTP code: 451 Additional SMTP info: 4.7.1

[2026-09-08 13:20:40] To: anna.ash1788866433@example.test | Subject: A silent partner seat has opened on ASH Seat ash1788866433 | SMTP Error: SMTP Error: data not accepted.SMTP server error: DATA END command failed Detail: Ratelimit "hostinger_out_ratelimit" exceeded for key "RLf7haupisippcg6m4d8w4jsfj"
 SMTP code: 451 Additional SMTP info: 4.7.1

[2026-09-08 13:20:42] To: ben.ash1788866433@example.test | Subject: A silent partner seat has opened on ASH Seat ash1788866433 | SMTP Error: SMTP Error: data not accepted.SMTP server error: DATA END command failed Detail: Ratelimit "hostinger_out_ratelimit" exceeded for key "RLf7haupisippcg6m4d8w4jsfj"
 SMTP code: 451 Additional SMTP info: 4.7.1

[2026-09-08 13:20:44] To: anna.ass1788866442@example.test | Subject: A silent partner seat has opened on ASS Seat Selection ass1788866442 | SMTP Error: SMTP Error: data not accepted.SMTP server error: DATA END command failed Detail: Ratelimit "hostinger_out_ratelimit" exceeded for key "RLf7haupisippcg6m4d8w4jsfj"
 SMTP code: 451 Additional SMTP info: 4.7.1

[2026-09-08 13:20:46] To: ben.ass1788866442@example.test | Subject: A silent partner seat has opened on ASS Seat Selection ass1788866442 | SMTP Error: SMTP Error: data not accepted.SMTP server error: DATA END command failed Detail: Ratelimit "hostinger_out_ratelimit" exceeded for key "RLf7haupisippcg6m4d8w4jsfj"
 SMTP code: 451 Additional SMTP info: 4.7.1

[2026-09-08 13:20:48] To: clara.ass1788866442@example.test | Subject: A silent partner seat has opened on ASS Seat Selection ass1788866442 | SMTP Error: SMTP Error: data not accepted.SMTP server error: DATA END command failed Detail: Ratelimit "hostinger_out_ratelimit" exceeded for key "RLf7haupisippcg6m4d8w4jsfj"
 SMTP code: 451 Additional SMTP info: 4.7.1

[2026-09-08 13:20:50] To: anna.ass1788866442@example.test | Subject: An active partner seat has opened on ASS Seat Selection ass1788866442 | SMTP Error: SMTP Error: data not accepted.SMTP server error: DATA END command failed Detail: Ratelimit "hostinger_out_ratelimit" exceeded for key "RLf7haupisippcg6m4d8w4jsfj"
 SMTP code: 451 Additional SMTP info: 4.7.1

[2026-09-08 13:20:52] To: ben.ass1788866442@example.test | Subject: An active partner seat has opened on ASS Seat Selection ass1788866442 | SMTP Error: SMTP Error: data not accepted.SMTP server error: DATA END command failed Detail: Ratelimit "hostinger_out_ratelimit" exceeded for key "RLf7haupisippcg6m4d8w4jsfj"
 SMTP code: 451 Additional SMTP info: 4.7.1

[2026-09-08 13:20:53] To: clara.ass1788866442@example.test | Subject: An active partner seat has opened on ASS Seat Selection ass1788866442 | SMTP Error: SMTP Error: data not accepted.SMTP server error: DATA END command failed Detail: Ratelimit "hostinger_out_ratelimit" exceeded for key "RLf7haupisippcg6m4d8w4jsfj"
 SMTP code: 451 Additional SMTP info: 4.7.1

[2026-09-08 13:20:55] To: anna.ass1788866442@example.test | Subject: An active partner seat has opened on ASS Seat Selection ass1788866442 | SMTP Error: SMTP Error: data not accepted.SMTP server error: DATA END command failed Detail: Ratelimit "hostinger_out_ratelimit" exceeded for key "RLf7haupisippcg6m4d8w4jsfj"
 SMTP code: 451 Additional SMTP info: 4.7.1

[2026-09-08 13:20:57] To: ben.ass1788866442@example.test | Subject: An active partner seat has opened on ASS Seat Selection ass1788866442 | SMTP Error: SMTP Error: data not accepted.SMTP server error: DATA END command failed Detail: Ratelimit "hostinger_out_ratelimit" exceeded for key "RLf7haupisippcg6m4d8w4jsfj"
 SMTP code: 451 Additional SMTP info: 4.7.1

[2026-09-08 13:20:59] To: clara.ass1788866442@example.test | Subject: An active partner seat has opened on ASS Seat Selection ass1788866442 | SMTP Error: SMTP Error: data not accepted.SMTP server error: DATA END command failed Detail: Ratelimit "hostinger_out_ratelimit" exceeded for key "RLf7haupisippcg6m4d8w4jsfj"
 SMTP code: 451 Additional SMTP info: 4.7.1

[2026-09-08 13:21:01] To: anna.ass1788866442@example.test | Subject: An active partner seat has opened on ASS Seat Selection ass1788866442 | SMTP Error: SMTP Error: data not accepted.SMTP server error: DATA END command failed Detail: Ratelimit "hostinger_out_ratelimit" exceeded for key "RLf7haupisippcg6m4d8w4jsfj"
 SMTP code: 451 Additional SMTP info: 4.7.1

[2026-09-08 13:21:03] To: ben.ass1788866442@example.test | Subject: An active partner seat has opened on ASS Seat Selection ass1788866442 | SMTP Error: SMTP Error: data not accepted.SMTP server error: DATA END command failed Detail: Ratelimit "hostinger_out_ratelimit" exceeded for key "RLf7haupisippcg6m4d8w4jsfj"
 SMTP code: 451 Additional SMTP info: 4.7.1

[2026-09-08 13:21:05] To: clara.ass1788866442@example.test | Subject: An active partner seat has opened on ASS Seat Selection ass1788866442 | SMTP Error: SMTP Error: data not accepted.SMTP server error: DATA END command failed Detail: Ratelimit "hostinger_out_ratelimit" exceeded for key "RLf7haupisippcg6m4d8w4jsfj"
 SMTP code: 451 Additional SMTP info: 4.7.1

[2026-09-08 13:21:07] To: anna.ass1788866442@example.test | Subject: A silent partner seat has opened on ASS Seat Selection ass1788866442 | SMTP Error: SMTP Error: data not accepted.SMTP server error: DATA END command failed Detail: Ratelimit "hostinger_out_ratelimit" exceeded for key "RLf7haupisippcg6m4d8w4jsfj"
 SMTP code: 451 Additional SMTP info: 4.7.1

[2026-09-08 13:21:09] To: ben.ass1788866442@example.test | Subject: A silent partner seat has opened on ASS Seat Selection ass1788866442 | SMTP Error: SMTP Error: data not accepted.SMTP server error: DATA END command failed Detail: Ratelimit "hostinger_out_ratelimit" exceeded for key "RLf7haupisippcg6m4d8w4jsfj"
 SMTP code: 451 Additional SMTP info: 4.7.1

[2026-09-08 13:21:10] To: clara.ass1788866442@example.test | Subject: A silent partner seat has opened on ASS Seat Selection ass1788866442 | SMTP Error: SMTP Error: data not accepted.SMTP server error: DATA END command failed Detail: Ratelimit "hostinger_out_ratelimit" exceeded for key "RLf7haupisippcg6m4d8w4jsfj"
 SMTP code: 451 Additional SMTP info: 4.7.1

[2026-09-08 13:21:17] To: eqfreeze1788866475.partner@test.invalid | Subject: Payment Confirmed — You joined ZZ eqfreeze1788866475 | SMTP Error: SMTP Error: data not accepted.SMTP server error: DATA END command failed Detail: Ratelimit "hostinger_out_ratelimit" exceeded for key "RLf7haupisippcg6m4d8w4jsfj"
 SMTP code: 451 Additional SMTP info: 4.7.1

[2026-09-08 13:21:19] To: eqfreeze1788866475.later@test.invalid | Subject: Payment Confirmed — You joined ZZ eqfreeze1788866475 | SMTP Error: SMTP Error: data not accepted.SMTP server error: DATA END command failed Detail: Ratelimit "hostinger_out_ratelimit" exceeded for key "RLf7haupisippcg6m4d8w4jsfj"
 SMTP code: 451 Additional SMTP info: 4.7.1

[2026-09-08 13:21:21] To: p.eqfz1788866479@example.test | Subject: Payment Confirmed — You joined Freeze eqfz1788866479 | SMTP Error: SMTP Error: data not accepted.SMTP server error: DATA END command failed Detail: Ratelimit "hostinger_out_ratelimit" exceeded for key "RLf7haupisippcg6m4d8w4jsfj"
 SMTP code: 451 Additional SMTP info: 4.7.1

[2026-09-08 13:21:27] To: gwguard_1788866485@example.test | Subject: Payment Confirmed — You joined GATEWAY GUARD TEST | SMTP Error: SMTP Error: data not accepted.SMTP server error: DATA END command failed Detail: Ratelimit "hostinger_out_ratelimit" exceeded for key "RLf7haupisippcg6m4d8w4jsfj"
 SMTP code: 451 Additional SMTP info: 4.7.1

[2026-09-08 13:21:29] To: gwguard_1788866485@example.test | Subject: Payment Confirmed — You joined GATEWAY GUARD TEST | SMTP Error: SMTP Error: data not accepted.SMTP server error: DATA END command failed Detail: Ratelimit "hostinger_out_ratelimit" exceeded for key "RLf7haupisippcg6m4d8w4jsfj"
 SMTP code: 451 Additional SMTP info: 4.7.1

[2026-09-08 13:21:48] To: waiter.srd1788866506@example.test | Subject: A silent partner seat has opened on SRD Role Disclosure srd1788866506 | SMTP Error: SMTP Error: data not accepted.SMTP server error: DATA END command failed Detail: Ratelimit "hostinger_out_ratelimit" exceeded for key "RLf7haupisippcg6m4d8w4jsfj"
 SMTP code: 451 Additional SMTP info: 4.7.1

[2026-09-08 13:21:50] To: waiter.srd1788866506@example.test | Subject: An active partner seat has opened on SRD Role Disclosure srd1788866506 | SMTP Error: SMTP Error: data not accepted.SMTP server error: DATA END command failed Detail: Ratelimit "hostinger_out_ratelimit" exceeded for key "RLf7haupisippcg6m4d8w4jsfj"
 SMTP code: 451 Additional SMTP info: 4.7.1

[2026-09-08 13:21:52] To: waiter.srd1788866506@example.test | Subject: A silent partner seat has opened on SRD Role Disclosure srd1788866506 | SMTP Error: SMTP Error: data not accepted.SMTP server error: DATA END command failed Detail: Ratelimit "hostinger_out_ratelimit" exceeded for key "RLf7haupisippcg6m4d8w4jsfj"
 SMTP code: 451 Additional SMTP info: 4.7.1

[2026-09-08 13:21:55] To: waiter.srd1788866506@example.test | Subject: An active partner seat has opened on SRD Role Disclosure srd1788866506 | SMTP Error: SMTP Error: data not accepted.SMTP server error: DATA END command failed Detail: Ratelimit "hostinger_out_ratelimit" exceeded for key "RLf7haupisippcg6m4d8w4jsfj"
 SMTP code: 451 Additional SMTP info: 4.7.1

[2026-09-08 13:21:57] To: wl.alice.6a9fefd378edc@wl.invalid | Subject: A silent partner seat has opened on WL Test Asset | SMTP Error: SMTP Error: data not accepted.SMTP server error: DATA END command failed Detail: Ratelimit "hostinger_out_ratelimit" exceeded for key "RLf7haupisippcg6m4d8w4jsfj"
 SMTP code: 451 Additional SMTP info: 4.7.1

[2026-09-08 13:21:59] To: wl.bob.6a9fefd379129@wl.invalid | Subject: A silent partner seat has opened on WL Test Asset | SMTP Error: SMTP Error: data not accepted.SMTP server error: DATA END command failed Detail: Ratelimit "hostinger_out_ratelimit" exceeded for key "RLf7haupisippcg6m4d8w4jsfj"
 SMTP code: 451 Additional SMTP info: 4.7.1

[2026-09-08 13:22:01] To: wl.bob.6a9fefd379129@wl.invalid | Subject: Payment Confirmed — You joined WL Test Asset | SMTP Error: SMTP Error: data not accepted.SMTP server error: DATA END command failed Detail: Ratelimit "hostinger_out_ratelimit" exceeded for key "RLf7haupisippcg6m4d8w4jsfj"
 SMTP code: 451 Additional SMTP info: 4.7.1

[2026-09-08 13:22:04] To: a.wlhttp1788866521@example.test | Subject: A silent partner seat has opened on WLH Test Asset | SMTP Error: SMTP Error: data not accepted.SMTP server error: DATA END command failed Detail: Ratelimit "hostinger_out_ratelimit" exceeded for key "RLf7haupisippcg6m4d8w4jsfj"
 SMTP code: 451 Additional SMTP info: 4.7.1

[2026-09-08 13:22:06] To: b.wlhttp1788866521@example.test | Subject: A silent partner seat has opened on WLH Test Asset | SMTP Error: SMTP Error: data not accepted.SMTP server error: DATA END command failed Detail: Ratelimit "hostinger_out_ratelimit" exceeded for key "RLf7haupisippcg6m4d8w4jsfj"
 SMTP code: 451 Additional SMTP info: 4.7.1

[2026-09-08 13:22:08] To: a.wlhttp1788866521@example.test | Subject: Payment Confirmed — You joined WLH Test Asset | SMTP Error: SMTP Error: data not accepted.SMTP server error: DATA END command failed Detail: Ratelimit "hostinger_out_ratelimit" exceeded for key "RLf7haupisippcg6m4d8w4jsfj"
 SMTP code: 451 Additional SMTP info: 4.7.1

